county_fips_code,in_lockdown,pct_change,pop,label,date,datevalue
1001,TRUE,-0.616,1000000,每一剂新冠疫苗都有电子身份证,2021-01-05,44201
1003,TRUE,-0.544,2053561,河北本轮疫情仍是境外输入病毒,2021-01-05,44201
1005,TRUE,-0.51,1719116,山东发现首例新冠变异毒株感染确诊患者,2021-01-05,44201
1007,TRUE,-0.615,1235718,中疾控和卫健委专家组已到石家庄和邢台,2021-01-05,44201
1009,TRUE,-0.574,1161458,石家庄全市核酸检测,2021-01-05,44201
1011,TRUE,-0.353,933089,韩国出生271天女童遭养父母虐死,2021-01-05,44201
1013,TRUE,-0.609,841410,西安市民石家庄参加婚礼成密接,2021-01-05,44201
1015,TRUE,-0.438,762045,姐妹交往三大忌,2021-01-05,44201
1017,TRUE,-0.55,677423,首尔多地现天价住房,2021-01-05,44201
1019,TRUE,-0.584,666992,无证驾驶儿子新车连撞10车,2021-01-05,44201
1021,TRUE,-0.508,661628,上海试点使用数字人民币,2021-01-05,44201
1023,TRUE,-0.546,657355,王者荣耀,2021-01-05,44201
1025,TRUE,-0.535,638545,白酒板块还能涨吗,2021-01-05,44201
1027,TRUE,-0.552,632982,河北大学紧急放假现场,2021-01-05,44201
1029,TRUE,-0.364,572383,山西警方通报无名男婴尸源身份,2021-01-05,44201
1031,TRUE,-0.43,561633,流金岁月,2021-01-05,44201
1033,TRUE,-0.45,550781,浙江考研上百名考生违规被处理,2021-01-05,44201
1035,TRUE,-0.462,541374,总裁文看多了的后果,2021-01-05,44201
1037,TRUE,-0.434,408502,直击英国第三次全境封锁,2021-01-05,44201
1039,TRUE,-0.421,371694,五个字的恐怖故事,2021-01-05,44201
1041,TRUE,-0.601,326407,阴阳师,2021-01-05,44201
1043,TRUE,-0.445,320020,餐馆应提供公筷公勺,2021-01-05,44201
1045,TRUE,-0.478,234847,赖小民一审被判死刑,2021-01-05,44201
1047,TRUE,-0.458,220350,河北大学放假,2021-01-05,44201
1049,TRUE,-0.409,219935,甘肃天水公交车和救护车相撞坠桥,2021-01-05,44201
1051,TRUE,-0.46,910014,顾客不戴口罩可拒绝其进入商场超市,2021-01-05,44201
1053,TRUE,-0.465,612077,山东疫情,2021-01-05,44201
1055,TRUE,-0.382,560610,当外科医生下厨房,2021-01-05,44201
1057,TRUE,-0.465,556763,钟睒睒位列全球富豪榜第六,2021-01-05,44201
1059,TRUE,-0.554,555611,浙大女生被害案景区判赔17万,2021-01-05,44201
1061,TRUE,-0.37,526975,基金,2021-01-05,44201
1063,TRUE,-0.609,465190,全国有48个中风险1个高风险地区,2021-01-05,44201
1065,TRUE,-0.413,414265,看小图以为魂飞出来了,2021-01-05,44201
1067,TRUE,-0.341,385262,取好书名有多重要,2021-01-05,44201
1069,TRUE,-0.389,1303989,幸福年味研究院,2021-01-05,44201
1071,TRUE,-0.622,505137,被困火场母亲紧紧护住孩子,2021-01-05,44201
1073,TRUE,-0.633,418476,浙江2月将完成重点人群疫苗紧急接种,2021-01-05,44201
1075,TRUE,-0.476,405313,纸吸管的正确用法,2021-01-05,44201
1077,TRUE,-0.464,360262,河北省进入战时状态,2021-01-05,44201
1079,TRUE,-0.436,348469,今天让你感到快乐的原因,2021-01-05,44201
1081,TRUE,-0.42,245930,云南个人出租住房要缴纳个税,2021-01-05,44201
1083,TRUE,-0.511,532064,北京启动重大气象灾害低温IV级响应,2021-01-05,44201
1085,TRUE,-0.483,426115,厕所是打工人最后的防线,2021-01-05,44201
1087,TRUE,-0.575,370521,GRF解散,2021-01-05,44201
1089,TRUE,-0.587,351714,上海公交正式推出静音公约,2021-01-05,44201
1091,TRUE,-0.685,338997,新冠疫苗产能可满足国内大规模接种,2021-01-05,44201
1093,TRUE,-0.509,288544,当干饭人默写古诗词,2021-01-05,44201
1095,TRUE,-0.47,258090,团伙走私榴莲等1.65万吨,2021-01-05,44201
1097,TRUE,-0.448,250809,虾米音乐2月5日关停,2021-01-05,44201
1099,TRUE,-0.463,0,18个民法典热门知识点,2021-01-05,44201
1101,TRUE,-0.49,444204,沈阳疫情,2021-01-05,44201
1103,TRUE,-0.56,359362,外交部回应澳警官为救中国公民牺牲,2021-01-05,44201
1105,TRUE,-0.729,348183,8岁男孩冰湖探险落水引12人救援,2021-01-05,44201
1107,TRUE,-0.578,332469,江苏南通一桥梁发生垮塌,2021-01-05,44201
1109,TRUE,-0.534,306599,公共场所怎么体面地挖鼻孔,2021-01-05,44201
1111,TRUE,-0.666,305598,B.1.1.7突变株在广东已无传播风险,2021-01-05,44201
1113,TRUE,-0.494,285358,国产特斯拉ModelY降价近15万,2021-01-05,44201
1115,TRUE,-0.604,261697,印尼下周大规模接种中国新冠疫苗,2021-01-05,44201
1117,TRUE,-0.691,343023,美国反口罩组织大闹商场,2021-01-05,44201
1119,TRUE,-0.76,342517,当你骗男朋友自己怀孕后,2021-01-05,44201
1121,TRUE,-0.546,327113,提硬币到法院清偿执行款被罚5万元,2021-01-05,44201
1123,TRUE,-0.562,322784,冰瀑芭蕾有多美,2021-01-05,44201
1125,TRUE,-0.395,319345,丁霞入围国际排联百大球星,2021-01-05,44201
1127,TRUE,-0.503,316361,字母哥43分,2021-01-05,44201
1129,TRUE,-0.55,312522,武汉汉口火车站的76天,2021-01-05,44201
1131,TRUE,-0.522,308075,一图梳理全国中高风险地区,2021-01-05,44201
1133,TRUE,-0.596,293623,酸甜菠萝咕噜肉,2021-01-05,44201
2013,TRUE,-0.012,293336,新郎回应买内衣不合身迎亲被拒,2021-01-05,44201
2016,TRUE,-0.623,286804,在朋友手机里的样子,2021-01-05,44201
2020,TRUE,-0.708,0,十四五的自述,2021-01-05,44201
2050,TRUE,-0.438,1349325,微博播报,2021-01-05,44201
2060,TRUE,-0.537,754209,沈阳要求核酸检测户外排队不超15分钟,2021-01-05,44201
2068,TRUE,-0.375,506576,云顶滑雪场游客被电线绊倒身亡,2021-01-05,44201
2070,TRUE,-0.971,499215,拼多多微博简介,2021-01-05,44201
2090,TRUE,-0.663,378677,没点才艺都不敢办婚礼了,2021-01-05,44201
2100,TRUE,-0.955,309847,密码太复杂的后果,2021-01-05,44201
2105,TRUE,-0.991,309294,沈阳发布18号令,2021-01-05,44201
2110,TRUE,-0.752,307110,黑芝麻爆浆豆花蛋糕,2021-01-05,44201
2122,TRUE,-0.663,302736,北京或挑战21世纪最低气温纪录,2021-01-05,44201
2130,TRUE,-0.783,302648,男子冲进火场救人被熏成黑脸,2021-01-05,44201
2150,TRUE,-0.562,302036,多地公布严禁家长批改作业监督电话,2021-01-05,44201
2158,TRUE,-0.613,294541,酥脆芝士热狗卷,2021-01-05,44201
2164,TRUE,-0.5,655143,新冠疫苗生产线24小时运转,2021-01-05,44201
2170,TRUE,-0.753,573719,石家庄新增30例本土无症状,2021-01-05,44201
2180,TRUE,-0.721,336129,中医学生看中医秒变上课现场,2021-01-05,44201
2185,TRUE,-0.615,331086,诺安,2021-01-05,44201
2188,TRUE,-0.821,301840,男生反击猥亵少女者被批捕申请撤案,2021-01-05,44201
2195,TRUE,-0.989,300813,光看就很开心的文字,2021-01-05,44201
2198,TRUE,-0.775,278387,2020十大语文差错,2021-01-05,44201
2220,TRUE,-0.533,273166,我们为什么需要文学,2021-01-05,44201
2230,TRUE,-0.036,258406,新华社评畸形加班,2021-01-05,44201
2240,TRUE,-0.874,203910,海上救援队员有多拼,2021-01-05,44201
2261,TRUE,-0.294,304153,罗森回应关东煮掉地冲水接着卖,2021-01-05,44201
2275,TRUE,-0.443,256217,人类幼崽模仿能力有多强,2021-01-05,44201
2282,TRUE,-0.996,238734,拼多多知乎账号被禁言15天,2021-01-05,44201
2290,TRUE,-0.8,224544,河北新增14例本土确诊病例,2021-01-05,44201
4001,TRUE,-0.888,214588,小寒,2021-01-05,44201
4003,TRUE,-0.712,174687,西安一地铁可直达高校食堂,2021-01-05,44201
4005,TRUE,-0.755,211682,库里30分,2021-01-05,44201
4007,TRUE,-0.631,211275,越南马拉松的助威方式,2021-01-05,44201
4009,TRUE,-0.472,210234,羽生结弦诠释了翩若惊鸿婉若游龙,2021-01-05,44201
4011,TRUE,-0.846,210055,31省区市新增确诊33例,2021-01-05,44201
4012,TRUE,-0.897,209963,论一个销冠的职业素养,2021-01-05,44201
4013,TRUE,-0.706,0,空军2021招飞宣传片,2021-01-06,44202
4015,TRUE,-0.534,2191422,北京新增病例第3次核酸检测阳性,2021-01-06,44202
4017,TRUE,-0.697,1333235,女神降临,2021-01-06,44202
4019,TRUE,-0.699,1257713,广东分离出新冠病毒501Y.V2南非突变株,2021-01-06,44202
4021,TRUE,-0.782,934454,华春莹点赞竹内亮导演真实记录中国,2021-01-06,44202
4023,TRUE,-0.762,933121,郑渊洁说容我先接待明星太太们,2021-01-06,44202
4025,TRUE,-0.741,659221,1000名医务人员已抵达石家庄,2021-01-06,44202
4027,TRUE,-0.679,592207,河北疫情,2021-01-06,44202
5001,TRUE,-0.69,568533,护士为女儿做核酸检测被喊阿姨,2021-01-06,44202
5003,TRUE,-0.545,558890,谁在助推白酒股的暴涨,2021-01-06,44202
5005,TRUE,-0.511,460368,河北邢台新冠基因测序与欧洲输入高度同源,2021-01-06,44202
5007,TRUE,-0.608,444268,瀑布芝士火锅,2021-01-06,44202
5009,TRUE,-0.559,442738,外交部回应美国封杀支付宝微信支付,2021-01-06,44202
5011,TRUE,-0.602,441744,茶颜悦色回应反诉茶颜观色,2021-01-06,44202
5013,TRUE,-0.59,439189,时速350公里复兴号高寒动车组亮相,2021-01-06,44202
5015,TRUE,-0.612,433589,河北邢台新冠病毒基因测序结果,2021-01-06,44202
5017,TRUE,-0.571,430306,特朗普支持者与警方发生冲突,2021-01-06,44202
5019,TRUE,-0.515,377824,流金岁月,2021-01-06,44202
5021,TRUE,-0.578,350473,杭州复阳无症状感染者曾去东莞,2021-01-06,44202
5023,TRUE,-0.672,331495,内衣买小拒迎亲新娘已退还彩礼,2021-01-06,44202
5025,TRUE,-0.475,271153,河北必要时可劝导取消或推迟婚礼,2021-01-06,44202
5027,TRUE,-0.493,270321,李佳琦直播,2021-01-06,44202
5029,TRUE,-0.689,0,政务服务便民热线统一为12345,2021-01-06,44202
5031,TRUE,-0.401,484618,虞姬贵族专属皮肤,2021-01-06,44202
5033,TRUE,-0.515,215866,老字号可以靠上市摆脱困境吗,2021-01-06,44202
5035,TRUE,-0.546,206846,蓝莓爆浆麦芬,2021-01-06,44202
5037,TRUE,-0.611,206520,铁路部门推出免费退票措施,2021-01-06,44202
5039,TRUE,-0.853,203835,石家庄全员核检目前发现7例阳性样本,2021-01-06,44202
5041,TRUE,-0.679,203040,青海6只白唇鹿陷入冰窟被成功营救,2021-01-06,44202
5043,TRUE,-0.391,1174737,热巴红雷荣耀大天使,2021-01-06,44202
5045,TRUE,-0.559,700630,石家庄疫情发布会,2021-01-06,44202
5047,TRUE,-0.718,667802,饿了么起诉饿了吗获赔1万元,2021-01-06,44202
5049,TRUE,-0.511,563122,香煎鸡胸肉饼,2021-01-06,44202
5051,TRUE,-0.416,554092,基金,2021-01-06,44202
5053,TRUE,-0.471,535382,杭州新增病例密切接触者均为阴性,2021-01-06,44202
5055,TRUE,-0.521,466301,邢台疫情呈现出家庭单位聚集特点,2021-01-06,44202
5057,TRUE,-0.424,452685,云朵夹心蛋挞,2021-01-06,44202
5059,TRUE,-0.537,442313,女孩独竹水上漂,2021-01-06,44202
5061,TRUE,-0.59,435301,北京气温刷新21世纪来最低纪录,2021-01-06,44202
5063,TRUE,-0.556,390036,大部分人接种疫苗后未见不良反应,2021-01-06,44202
5065,TRUE,-0.694,389306,你最奢侈的一次消费,2021-01-06,44202
5067,TRUE,-0.623,510157,茶颜悦色反诉茶颜观色,2021-01-06,44202
5069,TRUE,-0.481,776221,黑龙江一确诊曾到女儿班级看护学生,2021-01-06,44202
5071,TRUE,-0.533,477224,特朗普签令禁止与8款中国应用交易,2021-01-06,44202
5073,TRUE,-0.666,386548,夫妻吵架男子怒将自家SUV推入江中,2021-01-06,44202
5075,TRUE,-0.632,386165,广西80后小伙将猪圈改书院,2021-01-06,44202
5077,TRUE,-0.511,382619,社交中常见的潜台词,2021-01-06,44202
5079,TRUE,-0.594,379938,陈凯歌举报吐槽自己的up主,2021-01-06,44202
5081,TRUE,-0.624,356706,北京新增本土确诊病例详情,2021-01-06,44202
5083,TRUE,-0.5,349062,河北暂停自考理论课程报考,2021-01-06,44202
5085,TRUE,-0.617,342353,猫咪和猫尾巴是两种生物,2021-01-06,44202
5087,TRUE,-0.492,264455,电饭锅酱油鸡腿,2021-01-06,44202
5089,TRUE,-0.532,255194,家属宣告王相军遗体搜救结束,2021-01-06,44202
5091,TRUE,-0.358,242620,零下30度东北商贩生火煮活鱼,2021-01-06,44202
5093,TRUE,-0.542,355490,顺丰发往河北省快递暂停三天,2021-01-06,44202
5095,TRUE,-0.664,4812326,岳云鹏代言妄想山海,2021-01-06,44202
5097,TRUE,-0.449,516818,复读原来也是一种保护,2021-01-06,44202
5099,TRUE,-0.535,469107,拖后腿最严重的五官,2021-01-06,44202
5101,TRUE,-0.704,421095,美国反口罩男子感染后哭求人们戴口罩,2021-01-06,44202
5103,TRUE,-0.41,368565,豆皮麻酱涮牛肚,2021-01-06,44202
5105,TRUE,-0.621,362505,大连下雪,2021-01-06,44202
5107,TRUE,-0.41,1121019,石家庄邯郸进京车票暂停发售,2021-01-06,44202
5109,TRUE,-0.477,463265,爸爸帮5岁患癌儿子列愿望清单,2021-01-06,44202
5111,TRUE,-0.683,321706,北京泼水成冰,2021-01-06,44202
5113,TRUE,-0.406,302588,石家庄旅客乘火车飞机需凭72小时核酸证明,2021-01-06,44202
5115,TRUE,-0.418,299468,当你在男朋友面前突然摔倒,2021-01-06,44202
5117,TRUE,-0.567,605102,大连新增本土确诊1例,2021-01-06,44202
5119,TRUE,-0.574,334184,山东烟台3.8级地震,2021-01-06,44202
5121,TRUE,-0.587,226599,南京市消协回应扫码才能点菜,2021-01-06,44202
5123,TRUE,-0.661,209384,沈阳新增1例本土确诊病例,2021-01-06,44202
5125,TRUE,-0.557,195436,村干部硬核叫停金婚纪念酒宴,2021-01-06,44202
5127,TRUE,-0.485,176591,人类幼崽驯服作业实录,2021-01-06,44202
5129,TRUE,-0.778,0,每一剂新冠疫苗都有电子身份证,2021-01-06,44202
5131,TRUE,-0.475,679269,新疆报告1例无症状,2021-01-06,44202
5133,TRUE,-0.473,558437,石家庄多家医院实行封闭式管理,2021-01-06,44202
5135,TRUE,-0.558,381833,宁波鼓励师生留在当地过寒假,2021-01-06,44202
5137,TRUE,-0.659,337227,彭斯告诉特朗普自己无权改变大选结果,2021-01-06,44202
5139,TRUE,-0.464,290992,探访石家庄疫情防控情况,2021-01-06,44202
5141,TRUE,-0.674,284537,伊犁果子沟大桥像极了科幻片,2021-01-06,44202
5143,TRUE,-0.562,278134,程序员把7500个比特币当成垃圾扔掉,2021-01-06,44202
5145,TRUE,-0.49,0,疫情防控7点微倡议,2021-01-06,44202
5147,TRUE,-0.534,659440,廊坊师范学院一学生确诊为无症状感染者,2021-01-06,44202
5149,TRUE,-0.327,386732,全国冻哭预警,2021-01-06,44202
6001,TRUE,-0.93,355294,英雄联盟破败军团皮肤,2021-01-06,44202
6003,TRUE,-0.788,343357,金庸的一家人有多厉害,2021-01-06,44202
6005,TRUE,-0.747,321358,今冬寒冷的原因到底是什么,2021-01-06,44202
6007,TRUE,-0.602,239459,鄂尔多斯市为适龄女性免费接种HPV疫苗,2021-01-06,44202
6009,TRUE,-0.782,234780,景区通报滑雪场游客摔伤身亡,2021-01-06,44202
6011,TRUE,-0.819,233876,热力管网爆管路人跌入身亡,2021-01-06,44202
6013,TRUE,-0.879,2505895,河北一确诊病例4天参加3场婚宴,2021-01-06,44202
6015,TRUE,-0.524,763216,河北新增20例本土确诊,2021-01-06,44202
6017,TRUE,-0.825,571243,上海白领体检异常率99%,2021-01-06,44202
6019,TRUE,-0.632,571016,石家庄快递行业暂停收派件业务,2021-01-06,44202
6021,TRUE,-0.827,525258,苹果CEO库克去年薪酬超1400万美元,2021-01-06,44202
6023,TRUE,-0.759,408135,网传杭州有小学生感染新冠系谣言,2021-01-06,44202
6025,TRUE,-0.76,330886,无糖气泡水是智商税吗,2021-01-06,44202
6027,TRUE,-0.427,280809,中国首例上市人工心脏植入患者出院,2021-01-06,44202
6029,TRUE,-0.658,277036,云南多地惊现七彩祥云,2021-01-06,44202
6031,TRUE,-0.66,256322,蔡徐坤首登TMEA,2021-01-06,44202
6033,TRUE,-0.857,251263,沈阳一地升为中风险,2021-01-06,44202
6035,TRUE,-0.73,250222,浙江幼师被男友捅伤致死案二审开庭,2021-01-06,44202
6037,TRUE,-0.813,245804,白酒股,2021-01-06,44202
6039,TRUE,-0.747,245137,满25岁就不用定闹钟了,2021-01-06,44202
6041,TRUE,-0.968,892361,杭州疫情,2021-01-06,44202
6043,TRUE,-0.745,428422,B站已完成支付域名备案,2021-01-06,44202
6045,TRUE,-0.645,427776,付国豪遇袭案宣判,2021-01-06,44202
6047,TRUE,-0.63,427650,中国女排集训漫画,2021-01-06,44202
6049,TRUE,-0.703,427410,橙香养生热啤酒,2021-01-06,44202
6051,TRUE,-0.905,392297,石家庄严禁聚餐打牌等聚集活动,2021-01-06,44202
6053,TRUE,-0.759,368361,欧文29分,2021-01-06,44202
6055,TRUE,-0.733,482536,拼多多员工去世后股价再次暴涨,2021-01-06,44202
6057,TRUE,-0.816,439124,贵州茅台股价突破2100元,2021-01-06,44202
6059,TRUE,-0.841,390055,石家庄藁城区全域调为高风险,2021-01-06,44202
6061,TRUE,-0.778,374915,杭州发现一境外输入复阳无症状,2021-01-06,44202
6063,TRUE,-0.789,332033,喜欢的人拿着花向你奔来,2021-01-06,44202
6065,TRUE,-0.74,302986,日企将推出治近视眼镜,2021-01-06,44202
6067,TRUE,-0.737,298047,35城近一年房价变化,2021-01-06,44202
6069,TRUE,-0.845,293948,湖人双杀灰熊,2021-01-06,44202
6071,TRUE,-0.687,285446,全国劳模救落水儿童不幸遇难,2021-01-06,44202
6073,TRUE,-0.859,248116,吉林舒兰百名游客集体泼水成冰,2021-01-06,44202
6075,TRUE,-0.996,247586,石家庄此次疫情呈现家庭聚集性特点,2021-01-06,44202
6077,TRUE,-0.669,865927,小红书崩了,2021-01-06,44202
6079,TRUE,-0.811,417659,浙江新增1例西班牙输入无症状,2021-01-06,44202
6081,TRUE,-0.954,338397,石家庄全寄宿学校实行全封闭管理,2021-01-06,44202
6083,TRUE,-0.745,326179,英雄联盟山海绘卷皮肤,2021-01-06,44202
6085,TRUE,-0.982,289390,8个省会房价跌回一年前,2021-01-06,44202
6087,TRUE,-0.843,247811,重庆现蘑菇林地铁站,2021-01-06,44202
6089,TRUE,-0.532,222389,石家庄客运总站暂时停运,2021-01-06,44202
6091,TRUE,-0.992,206337,急寻辽A5V97P网约车乘客,2021-01-06,44202
6093,TRUE,-0.727,197767,王者荣耀,2021-01-06,44202
6095,TRUE,-0.712,197013,雪梨直播,2021-01-06,44202
6097,TRUE,-0.798,430959,河北境内多条高速禁止上道,2021-01-06,44202
6099,TRUE,-0.633,344143,南京一隧道失火致2辆轿车烧毁,2021-01-06,44202
6101,TRUE,-0.57,293984,钟南山来石家庄系谣言,2021-01-06,44202
6103,TRUE,-0.623,276891,蝴蝶结还能这么玩,2021-01-06,44202
6105,TRUE,-0.464,252829,中疾控和卫健委专家组已到石家庄和邢台,2021-01-06,44202
6107,TRUE,-0.583,238401,国家卫健委主任赴河北,2021-01-06,44202
6109,TRUE,-0.638,238158,北京大风,2021-01-06,44202
6111,TRUE,-0.829,224928,河北20例确诊病例行动轨迹,2021-01-06,44202
6113,TRUE,-0.792,223121,美国已有5个州发现变异病毒,2021-01-06,44202
6115,TRUE,-0.647,220862,石家庄为延迟发布会道歉,2021-01-06,44202
8001,TRUE,-0.863,217106,无证驾驶儿子新车连撞10车,2021-01-06,44202
8003,TRUE,-0.693,208546,西班牙发现至少50例变异新冠病毒感染者,2021-01-06,44202
8005,TRUE,-0.983,200406,全国中高风险地区图,2021-01-06,44202
8007,TRUE,-0.956,187281,河北本轮疫情仍是境外输入病毒,2021-01-06,44202
8009,TRUE,-0.952,1274787,石家庄疫情,2021-01-06,44202
8011,TRUE,-0.907,946345,石家庄全市所有社区农村闭环管控,2021-01-06,44202
8013,TRUE,-0.998,572059,北京新增1例本土确诊,2021-01-06,44202
8014,TRUE,-0.998,510422,黑龙江新增1例本土确诊1例无症状,2021-01-06,44202
8015,TRUE,-0.933,459659,无锡燃气管道被挖爆引大火,2021-01-06,44202
8017,TRUE,-0.483,397979,石家庄中小学幼儿园暂停线下教育,2021-01-06,44202
8019,TRUE,-0.995,302722,山东发现首例新冠变异毒株感染确诊患者,2021-01-06,44202
8021,TRUE,-0.73,267924,直击英国第三次全境封锁,2021-01-06,44202
8023,TRUE,-0.996,254645,农历小年火车票开抢,2021-01-06,44202
8025,TRUE,-0.755,247037,韩国出生271天女童遭养父母虐死,2021-01-06,44202
8027,TRUE,-0.999,241455,石家庄累计完成52784人份核酸检测,2021-01-06,44202
8029,TRUE,-0.896,238279,辽宁新增1例本土确诊,2021-01-06,44202
8031,TRUE,-0.994,213655,2021首次寒潮,2021-01-06,44202
8033,TRUE,-0.857,211863,不同年龄的人生烦恼,2021-01-06,44202
8035,TRUE,-0.998,211491,山西警方通报无名男婴尸源身份,2021-01-06,44202
8037,TRUE,-0.993,174094,上海试点使用数字人民币,2021-01-06,44202
8039,TRUE,-0.99,663246,木子洋被认成辣目洋子,2021-01-06,44202
8041,TRUE,-0.915,510270,幸福年味研究院,2021-01-06,44202
8043,TRUE,-0.775,190199,石家庄全市核酸检测,2021-01-06,44202
8045,TRUE,-0.937,184547,西安市民石家庄参加婚礼成密接,2021-01-06,44202
8047,TRUE,-0.999,152711,酷我音乐因会员广告被罚5万元,2021-01-06,44202
8049,TRUE,-0.959,119590,甘肃天水公交车和救护车相撞坠桥,2021-01-06,44202
8051,TRUE,-0.965,96992,姐妹交往三大忌,2021-01-06,44202
8053,TRUE,-0.832,84835,我们的大脑还可以被开发吗,2021-01-06,44202
8055,TRUE,-0.753,66478,肖战光点数字专辑畅销榜年冠,2021-01-06,44202
8057,TRUE,-0.436,65926,浙江考研上百名考生违规被处理,2021-01-06,44202
8059,TRUE,-0.996,0,18个民法典热门知识点,2021-01-06,44202
8061,TRUE,-0.321,40576,赖小民一审被判死刑,2021-01-06,44202
8063,TRUE,-0.81,0,十四五的自述,2021-01-06,44202
8065,TRUE,-0.995,46436,河北省进入战时状态,2021-01-06,44202
8067,TRUE,-0.99,29472,河北大学放假,2021-01-06,44202
8069,TRUE,-0.99,64567,总裁文看多了的后果,2021-01-06,44202
8071,TRUE,-0.846,60945,河北大学紧急放假现场,2021-01-06,44202
8073,TRUE,-0.938,481128,WBTS落地北京,2021-01-06,44202
8075,TRUE,-0.595,233734,五个字的恐怖故事,2021-01-06,44202
8077,TRUE,-0.793,194546,白酒板块还能涨吗,2021-01-06,44202
8079,TRUE,-0.683,179067,首尔多地现天价住房,2021-01-06,44202
8081,TRUE,-0.491,0,2020的20个温暖瞬间,2021-01-07,44203
8083,TRUE,-0.8,2948199,大连24例感染者经4次以上核酸后呈阳性,2021-01-07,44203
8085,TRUE,-0.848,2200177,快的新出租关爱晚归的人,2021-01-07,44203
8087,TRUE,-0.786,1420560,石家庄疫情,2021-01-07,44203
8089,TRUE,-0.826,1328744,航拍今晚的石家庄站,2021-01-07,44203
8091,TRUE,-0.997,940416,健康码的温度在哪,2021-01-07,44203
8093,TRUE,-0.99,930296,美国国会确认拜登胜选,2021-01-07,44203
8095,TRUE,-0.953,920216,发型对颜值的重要性,2021-01-07,44203
8097,TRUE,-0.997,860797,河北南宫新增2例阳性,2021-01-07,44203
8099,TRUE,-0.714,855281,流金岁月,2021-01-07,44203
8101,TRUE,-0.746,854049,新郎结完婚把新娘忘在酒店,2021-01-07,44203
8103,TRUE,-0.791,849435,涪陵榨菜被列为被执行人,2021-01-07,44203
8105,TRUE,-0.972,819993,西单大悦城全部餐饮商户闭店整改,2021-01-07,44203
8107,TRUE,-0.98,631826,多家银行着手清理个人睡眠账户,2021-01-07,44203
8109,TRUE,-0.939,550689,女子零下17度吹泡泡变水晶球,2021-01-07,44203
8111,TRUE,-0.199,548028,特朗普承诺有序进行政权交接,2021-01-07,44203
8113,TRUE,-0.955,547426,基金,2021-01-07,44203
8115,TRUE,-0.965,547424,浙江取消单位集体团拜活动,2021-01-07,44203
8117,TRUE,-0.991,532496,美国国会骚乱中枪身亡女子系退伍女兵,2021-01-07,44203
8119,TRUE,-0.987,435323,暴乱后美国国会内部,2021-01-07,44203
8121,TRUE,-0.955,431986,河北疫情现状如何,2021-01-07,44203
8123,TRUE,-0.876,414072,女神降临,2021-01-07,44203
8125,TRUE,-0.885,399033,泼水成冰泼了个寂寞,2021-01-07,44203
9001,TRUE,-0.927,382569,我坚持追星的理由,2021-01-07,44203
9003,TRUE,-0.759,0,驻美使馆提醒中国公民注意安全,2021-01-07,44203
9005,TRUE,-0.778,1070929,赘婿,2021-01-07,44203
9007,TRUE,-0.817,827988,石家庄新增阳性11例,2021-01-07,44203
9009,TRUE,-0.734,549306,中消协点名大数据杀熟,2021-01-07,44203
9011,TRUE,-0.726,518966,广州荔湾广场全员核酸检测只是演练,2021-01-07,44203
9013,TRUE,-0.802,315846,华信信托董事长用锤子打伤总经理,2021-01-07,44203
9015,TRUE,-0.658,296602,公交公司再回应老人不会扫码被赶,2021-01-07,44203
10001,TRUE,-0.616,278396,外交部回应美方考虑将阿里腾讯拉黑,2021-01-07,44203
10003,TRUE,-0.832,277693,华春莹反讽蓬佩奥应考虑下自我制裁,2021-01-07,44203
10005,TRUE,-0.684,274484,字节跳动称腾讯封禁飞书系列产品,2021-01-07,44203
11001,TRUE,-0.981,271149,如何看待老年代步车事故频发,2021-01-07,44203
12001,TRUE,-0.784,268788,申通回应应届生拒绝996被辞退,2021-01-07,44203
12003,TRUE,-0.594,1483460,五条人 知乎出问题,2021-01-07,44203
12005,TRUE,-0.543,654734,日本首相宣布首都圈进入紧急状态,2021-01-07,44203
12007,TRUE,-0.482,552758,冷冷冷,2021-01-07,44203
12009,TRUE,-0.612,494090,江苏省级医疗队驰援河北,2021-01-07,44203
12011,TRUE,-0.837,339386,保定一网民编造虚假疫情信息被拘留,2021-01-07,44203
12013,TRUE,-0.476,309090,发现同事摸鱼该不该告状,2021-01-07,44203
12015,TRUE,-0.682,308544,普通民众何时能约上新冠疫苗,2021-01-07,44203
12017,TRUE,-0.627,308072,动物怕冷图鉴,2021-01-07,44203
12019,TRUE,-0.6,307339,央视评大冷天劳动者更需热保障,2021-01-07,44203
12021,TRUE,-0.734,256923,本科毕业论文每年抽检一次,2021-01-07,44203
12023,TRUE,-0.404,250723,中式碎鸡饭,2021-01-07,44203
12027,TRUE,-0.744,0,风雪中的城市守护人,2021-01-07,44203
12029,TRUE,-0.655,955022,石家庄市五院全部腾空收治新冠肺炎患者,2021-01-07,44203
12031,TRUE,-0.609,895744,央视采访全国唯一高风险地区居民,2021-01-07,44203
12033,TRUE,-0.505,430675,浙江学校可正常安排寒假,2021-01-07,44203
12035,TRUE,-0.584,316890,学生卡住气管老师20秒急救成功,2021-01-07,44203
12037,TRUE,-0.702,298299,华春莹问有没有闻到一股酸味,2021-01-07,44203
12039,TRUE,-0.493,291933,内蒙古零下30度西红柿能砸铁钉,2021-01-07,44203
12041,TRUE,-0.45,280977,突如其来的社会性死亡,2021-01-07,44203
12043,TRUE,-0.865,272625,北方封阳台的重要性,2021-01-07,44203
12045,TRUE,-0.771,272043,椰香咖喱时蔬意面,2021-01-07,44203
12047,TRUE,-0.428,271476,青岛海域现海浩奇观,2021-01-07,44203
12049,TRUE,-0.481,271439,公交回应老人不会扫健康码被赶下车,2021-01-07,44203
12051,TRUE,-0.656,852031,石家庄全市人员车辆不得出市,2021-01-07,44203
12053,TRUE,-0.61,412441,AirPods为什么是白色的,2021-01-07,44203
12055,TRUE,-0.598,392182,美国会暴乱造成4人死亡,2021-01-07,44203
12057,TRUE,-0.689,331893,嘴甜原来是天生的,2021-01-07,44203
12059,TRUE,-0.387,256273,正反读一个意思的句子,2021-01-07,44203
12061,TRUE,-0.522,0,风雪严寒中的守护者,2021-01-07,44203
12063,TRUE,-0.512,1154769,河北5天新增234例感染者,2021-01-07,44203
12065,TRUE,-0.568,947223,石家庄小伙核酸检测完秒变志愿者,2021-01-07,44203
12067,TRUE,-0.567,354734,两儿一孙被枪杀案二审仍判死刑,2021-01-07,44203
12069,TRUE,-0.687,291675,QG战胜Hero,2021-01-07,44203
12071,TRUE,-0.704,273387,同一日中国和美国的两种背影,2021-01-07,44203
12073,TRUE,-0.559,192963,男人产生共鸣有多简单,2021-01-07,44203
12075,TRUE,-0.655,191399,泼水成冰大赛,2021-01-07,44203
12077,TRUE,-0.542,468686,芋圆脏脏草莓冻撞奶,2021-01-07,44203
12079,TRUE,-0.604,444706,石家庄进出市域车辆须凭证进出,2021-01-07,44203
12081,TRUE,-0.645,368285,北方9个省级电网用电负荷创新高,2021-01-07,44203
12083,TRUE,-0.54,364245,大连海洋大学师生冒雪送防疫物资,2021-01-07,44203
12085,TRUE,-0.621,354344,国开行原董事长胡怀邦被判无期徒刑,2021-01-07,44203
12086,TRUE,-0.822,351669,华春莹回应美国抗议示威致4人死亡,2021-01-07,44203
12087,TRUE,-0.684,347508,15个新一线城市房价皆过万,2021-01-07,44203
12089,TRUE,-0.563,345129,浙江倡导省内过年,2021-01-07,44203
12091,TRUE,-0.58,327476,懒人草莓雪顶千层酥,2021-01-07,44203
12093,TRUE,-0.387,309884,广州海珠,2021-01-07,44203
12095,TRUE,-0.943,538485,海南的冬天也太舒服了吧,2021-01-07,44203
12097,TRUE,-0.883,389198,特朗普支持者闯入美国国会,2021-01-07,44203
12099,TRUE,-0.779,358999,这两张照片值得刷屏,2021-01-07,44203
12101,TRUE,-0.701,343067,民警玩手机意外刷到逃犯做直播,2021-01-07,44203
12103,TRUE,-0.738,340128,北京顺义区已确定密接人员2430人,2021-01-07,44203
12105,TRUE,-0.637,330652,北京动物园小陆龟穿毛衣,2021-01-07,44203
12107,TRUE,-0.549,322689,郭艾伦庆祝被吹技犯,2021-01-07,44203
12109,TRUE,-0.739,320448,清理取消水电气暖不合理收费,2021-01-07,44203
12111,TRUE,-0.583,318723,李易峰为神秘警察队伍发声,2021-01-07,44203
12113,TRUE,-0.603,518597,格林恶意犯规,2021-01-07,44203
12115,TRUE,-0.673,452104,应届生拒绝996被申通快递辞退,2021-01-07,44203
12117,TRUE,-0.745,373669,郑州迎20年最低气温,2021-01-07,44203
12119,TRUE,-0.83,311659,库克谴责特朗普支持者暴力事件,2021-01-07,44203
12121,TRUE,-0.473,309922,下雪,2021-01-07,44203
12123,TRUE,-0.283,309734,壶口瀑布落差消失,2021-01-07,44203
12125,TRUE,-0.472,309628,95后姑娘大学入伍成辽宁舰操舵兵,2021-01-07,44203
12127,TRUE,-0.565,309598,杨鸣致敬医护人员,2021-01-07,44203
12129,TRUE,-0.606,658545,原来冰雕用的是野生冰,2021-01-07,44203
12131,TRUE,-0.679,456583,山东青岛打破历史低温纪录,2021-01-07,44203
12133,TRUE,-0.617,427540,感觉北极也没有那么冷了,2021-01-07,44203
13001,TRUE,-0.417,416566,河北新增51例本土确诊,2021-01-07,44203
13003,TRUE,-0.438,376435,不同老师没收学生手机,2021-01-07,44203
13005,TRUE,-0.461,348293,做饭像在做手术,2021-01-07,44203
13007,TRUE,-0.565,346860,辉瑞疫苗接种后已报告21起过敏反应,2021-01-07,44203
13009,TRUE,-0.472,344142,黑龙江新增1例确诊,2021-01-07,44203
13011,TRUE,-0.355,343339,特朗普脸书账户被封锁24小时,2021-01-07,44203
13013,TRUE,-0.526,336050,华盛顿公共紧急状态延长15天,2021-01-07,44203
13015,TRUE,-0.488,335261,营口鲅鱼圈,2021-01-07,44203
13017,TRUE,-0.581,688259,河北新增69例本土无症状,2021-01-07,44203
13019,TRUE,-0.498,686246,石家庄火车站暂停进站乘车,2021-01-07,44203
13021,TRUE,-0.58,623094,杭州某医师故意泄露流调报告被拘,2021-01-07,44203
13023,TRUE,-0.766,459807,小布什谴责冲击国会事件,2021-01-07,44203
13025,TRUE,-0.48,449846,俄罗斯83岁老奶奶夺得世界冬泳冠军,2021-01-07,44203
13027,TRUE,-0.592,349088,特朗普被推特禁言12小时,2021-01-07,44203
13029,TRUE,-0.696,330703,北京气温达1966年以来最低,2021-01-07,44203
13031,TRUE,-0.439,290721,天津泼水成冰,2021-01-07,44203
13033,TRUE,-0.451,284854,超九成受访青年有职场B计划,2021-01-07,44203
13035,TRUE,-0.602,283558,全国多地倡议就地过年,2021-01-07,44203
13037,TRUE,-0.896,266935,辽宁男篮绿色球衣,2021-01-07,44203
13039,TRUE,-0.54,262900,日本单日新增新冠确诊病例首超6000例,2021-01-07,44203
13043,TRUE,-0.613,594784,芝士脆脆鸡,2021-01-07,44203
13045,TRUE,-0.673,538582,建业更名后确定保留河南,2021-01-07,44203
13047,TRUE,-0.438,537006,苹果笔记本有望为iPhone无线充电,2021-01-07,44203
13049,TRUE,-0.651,493498,杭州下雪,2021-01-07,44203
13051,TRUE,-0.632,401970,本次寒潮降温有多猛,2021-01-07,44203
13053,TRUE,-0.667,397007,谁年轻时还不是小鲜肉,2021-01-07,44203
13055,TRUE,-0.5,333731,工人日报三问互联网大小周工作制,2021-01-07,44203
13057,TRUE,-0.757,332440,90岁两弹一星老人为老伴学网购,2021-01-07,44203
13059,TRUE,-0.555,325719,成都下雪,2021-01-07,44203
13061,TRUE,-0.742,321757,如何看待应届生拒绝996被辞退,2021-01-07,44203
13063,TRUE,-0.565,277149,海沃德44分,2021-01-07,44203
13065,TRUE,-0.686,275405,今年冬天还会多冷,2021-01-07,44203
13067,TRUE,-0.814,274934,华盛顿,2021-01-07,44203
13069,TRUE,-0.412,589378,特朗普称绝不会承认败选,2021-01-07,44203
13071,TRUE,-0.502,498441,SNKRS崩了,2021-01-07,44203
13073,TRUE,-0.557,311668,北京地铁,2021-01-07,44203
13075,TRUE,-0.558,279048,手机壳设计有多魔性,2021-01-07,44203
13077,TRUE,-0.615,272368,长沙下雪,2021-01-07,44203
13079,TRUE,-0.318,252453,石家庄藁城区3名干部被问责,2021-01-07,44203
13081,TRUE,-0.667,218970,富尔茨赛季报销,2021-01-07,44203
13083,TRUE,-0.514,218726,全国冰箱冷冻地图,2021-01-07,44203
13085,TRUE,-0.639,218134,温州下雪,2021-01-07,44203
13087,TRUE,-0.568,216676,拍过最有冬天感的照片,2021-01-07,44203
13089,TRUE,-0.823,206239,养宠物后最不愿面对的事,2021-01-07,44203
13091,TRUE,-0.481,0,空军2021招飞宣传片,2021-01-07,44203
13093,TRUE,-0.493,2158927,开新宝典,2021-01-07,44203
13095,TRUE,-0.605,727935,多个盟国就美国国会暴乱表态,2021-01-07,44203
13097,TRUE,-0.681,726689,河北疫情,2021-01-07,44203
13099,TRUE,-0.754,726454,疫情地图,2021-01-07,44203
13101,TRUE,-0.489,461700,瑞幸多位高管联名要求罢免现任董事长,2021-01-07,44203
13103,TRUE,-0.464,402462,上海首位快递高级工程师,2021-01-07,44203
13105,TRUE,-0.491,277081,3男子多次恶意逃票被限制乘车180天,2021-01-07,44203
13107,TRUE,-0.48,273699,河北51例本土确诊病例详情,2021-01-07,44203
13109,TRUE,-0.598,273522,美国会大楼抗议暴乱已致1人死亡,2021-01-07,44203
13111,TRUE,-0.401,261530,一句话描述北京有多冷,2021-01-07,44203
13113,TRUE,-0.802,548554,31省区市新增63例确诊,2021-01-07,44203
13115,TRUE,-0.425,400196,武磊进球,2021-01-07,44203
13117,TRUE,-0.739,392750,想不通鲁迅迟到的原因,2021-01-07,44203
13119,TRUE,-0.544,366659,美国国会紧急封锁,2021-01-07,44203
13121,TRUE,-0.88,294731,全球逾40个国家和地区现变异病毒,2021-01-07,44203
13123,TRUE,-0.593,267723,瑞幸郭谨一回应被罢免,2021-01-07,44203
13125,TRUE,-0.4,266773,七英俊,2021-01-07,44203
13127,TRUE,-0.523,265227,380多人遭遇影视投资诈骗,2021-01-07,44203
13129,TRUE,-0.479,255007,科技带来的温暖,2021-01-07,44203
13131,TRUE,-0.607,0,疫情防控7点微倡议,2021-01-07,44203
13133,TRUE,-0.662,2386680,我们都是开局人,2021-01-07,44203
13135,TRUE,-0.679,630536,美国新冠肺炎超2121万例,2021-01-07,44203
13137,TRUE,-0.472,339957,北京新增病例第3次核酸检测阳性,2021-01-07,44203
13139,TRUE,-0.523,330427,华春莹点赞竹内亮导演真实记录中国,2021-01-07,44203
13141,TRUE,-0.456,226479,法院回应被执行人携硬币清偿被罚5万,2021-01-07,44203
13143,TRUE,-0.563,226347,1000名医务人员已抵达石家庄,2021-01-07,44203
13145,TRUE,-0.49,203281,谁在助推白酒股的暴涨,2021-01-07,44203
13147,TRUE,-0.49,0,政务服务便民热线统一为12345,2021-01-07,44203
13149,TRUE,-0.448,339718,河北邢台新冠基因测序与欧洲输入高度同源,2021-01-07,44203
13151,TRUE,-0.592,307569,广东分离出新冠病毒501Y.V2南非突变株,2021-01-07,44203
13153,TRUE,-0.568,194616,茶颜悦色回应反诉茶颜观色,2021-01-07,44203
13155,TRUE,-0.374,188905,时速350公里复兴号高寒动车组亮相,2021-01-07,44203
13157,TRUE,-0.583,128665,外交部回应美国封杀支付宝微信支付,2021-01-07,44203
13159,TRUE,-0.548,127827,护士为女儿做核酸检测被喊阿姨,2021-01-07,44203
13161,TRUE,-0.51,112808,河北必要时可劝导取消或推迟婚礼,2021-01-07,44203
13163,TRUE,-0.65,102052,郑渊洁说容我先接待明星太太们,2021-01-07,44203
13165,TRUE,-0.561,68833,特朗普支持者与警方发生冲突,2021-01-07,44203
13167,TRUE,-0.507,127938,热巴红雷荣耀大天使,2021-01-07,44203
13169,TRUE,-0.512,59803,北京警方全链条打击非法一日游,2021-01-07,44203
13171,TRUE,-0.581,909134,岳云鹏代言妄想山海,2021-01-07,44203
13173,TRUE,-0.59,0,重点人群接种新冠疫苗的22个问题,2021-01-08,44204
13175,TRUE,-0.508,1638427,Facebook将无限期封禁特朗普账号,2021-01-08,44204
13177,TRUE,-0.518,1563740,伦敦宣布进入重大事故状态,2021-01-08,44204
13179,TRUE,-0.553,1164707,身份证是如何制作出来的,2021-01-08,44204
13181,TRUE,-0.703,941253,当你想离职又不好意思说,2021-01-08,44204
13183,TRUE,-0.488,886644,饿了么将为猝死骑手提供60万抚恤金,2021-01-08,44204
13185,TRUE,-0.498,855497,内蒙古赤峰进入战时状态,2021-01-08,44204
13187,TRUE,-0.57,839465,河北目前阳性病例是由一起疫情串起,2021-01-08,44204
13189,TRUE,-0.538,624040,流金岁月,2021-01-08,44204
13191,TRUE,-0.574,623033,长期喝奶茶的危害有多大,2021-01-08,44204
13193,TRUE,-0.552,618228,ZARA三个姊妹品牌将关闭中国线下门店,2021-01-08,44204
13195,TRUE,-0.485,611506,长沙师生即日起不得出境出省,2021-01-08,44204
13197,TRUE,-0.624,608543,该不该加仓白酒股,2021-01-08,44204
13199,TRUE,-0.576,603210,许嵩,2021-01-08,44204
13201,TRUE,-0.581,584724,华春莹5个为什么反问对美对港双标,2021-01-08,44204
13205,TRUE,-0.596,584614,华为中国总部落户北京丽泽SOHO,2021-01-08,44204
13207,TRUE,-0.594,584546,大葱尖椒忙涨价,2021-01-08,44204
13209,TRUE,-0.378,488274,石家庄藁城区检出阳性259例,2021-01-08,44204
13211,TRUE,-0.563,473113,中方坚决反对美常驻联合国代表访台,2021-01-08,44204
13213,TRUE,-0.424,442583,原来医生的处方不是瞎写的,2021-01-08,44204
13215,TRUE,-0.503,440533,新疆捐一万个馕200只羊支援河北,2021-01-08,44204
13217,TRUE,-0.556,401256,中高风险区域地市名称行程卡不再标红,2021-01-08,44204
13219,TRUE,-0.587,333528,女孩子发自拍时该怎么夸,2021-01-08,44204
13221,TRUE,-0.424,331333,饿了么猝死骑手家属称需要道歉,2021-01-08,44204
13223,TRUE,-0.556,330699,石家庄70家超市承诺耐储蔬菜不涨价,2021-01-08,44204
13225,TRUE,-0.691,330175,足协宣布80%俱乐部更名符合要求,2021-01-08,44204
13227,TRUE,-0.595,329033,XYG战胜QG,2021-01-08,44204
13229,TRUE,-0.449,328526,这才是小说标配男主长相,2021-01-08,44204
13231,TRUE,-0.401,0,嫦娥四号已工作736个地球日,2021-01-08,44204
13233,TRUE,-0.611,1824076,2020支付宝年账单,2021-01-08,44204
13235,TRUE,-0.772,1529134,2021第一口甜,2021-01-08,44204
13237,TRUE,-0.608,480971,美国国会警察局长宣布将辞职,2021-01-08,44204
13239,TRUE,-0.513,454533,76人有球员感染新冠,2021-01-08,44204
13241,TRUE,-0.524,441516,第一次做核酸是什么体验,2021-01-08,44204
13243,TRUE,-0.781,481698,邢台累计检出阳性15例,2021-01-08,44204
13245,TRUE,-0.455,466892,河北疫情,2021-01-08,44204
13247,TRUE,-0.67,419307,错把染发剂当成了洗面奶,2021-01-08,44204
13249,TRUE,-0.461,378749,世界公认最强催眠曲,2021-01-08,44204
13251,TRUE,-0.511,369882,河南倡议就地过年,2021-01-08,44204
13253,TRUE,-0.652,358852,剩米饭的花样做法,2021-01-08,44204
13255,TRUE,-0.5,357966,警察节警察不放假,2021-01-08,44204
13257,TRUE,-0.407,350378,工行等多家金融机构被处罚合计近2亿元,2021-01-08,44204
13259,TRUE,-0.885,342017,拉花绘画能有多美,2021-01-08,44204
13261,TRUE,-0.597,339433,如何看待996成为招聘标准,2021-01-08,44204
13263,TRUE,-0.68,338091,我抗拒亲密关系的原因,2021-01-08,44204
13265,TRUE,-0.917,337118,实现烤红薯自由,2021-01-08,44204
13267,TRUE,-0.602,680270,浙江警察学院教师虐杀动物被处分,2021-01-08,44204
13269,TRUE,-0.638,663075,河北疫情传播较快但整体可控,2021-01-08,44204
13271,TRUE,-0.537,593893,上帝遗落在西藏的一滴泪,2021-01-08,44204
13273,TRUE,-0.657,503364,父母催婚时有多阴阳怪气,2021-01-08,44204
13275,TRUE,-0.588,466732,阿里回应AI实验室关闭,2021-01-08,44204
13277,TRUE,-0.401,446531,浙江高考,2021-01-08,44204
13279,TRUE,-0.366,442914,华春莹称蓬佩奥谎言外交登峰造极,2021-01-08,44204
13281,TRUE,-0.537,336823,特朗普支持者转战林肯纪念堂前抗议,2021-01-08,44204
13283,TRUE,-0.704,336043,河北现有本土确诊127例,2021-01-08,44204
13285,TRUE,-0.438,329879,大头娃娃涉事抑菌霜厂商回应,2021-01-08,44204
13287,TRUE,-0.834,302192,老师判卷能有多难,2021-01-08,44204
13289,TRUE,-0.397,285686,一不小心就失去了择偶权,2021-01-08,44204
13291,TRUE,-0.383,277034,22岁女子长期过量喝奶茶被送进ICU,2021-01-08,44204
13293,TRUE,-0.502,270022,沈阳疫情,2021-01-08,44204
13295,TRUE,-0.435,259669,棒棒栗子蛋糕,2021-01-08,44204
13297,TRUE,-0.542,259416,白酒股,2021-01-08,44204
13299,TRUE,-0.454,1649834,官宣 溜溜梅和薇娅,2021-01-08,44204
13301,TRUE,-0.339,671150,北京春节前后禁办群众性庆祝庆典,2021-01-08,44204
13303,TRUE,-0.487,376237,川味麻辣小酥肉,2021-01-08,44204
13305,TRUE,-0.491,363935,石家庄疫情发布会,2021-01-08,44204
13307,TRUE,-0.679,360693,全国有63个中风险1个高风险地区,2021-01-08,44204
13309,TRUE,-0.588,358540,宁德时代回应孙公司爆炸事故,2021-01-08,44204
13311,TRUE,-0.517,648461,沈阳新增本土确诊曾5次核酸阴性,2021-01-08,44204
13313,TRUE,-0.427,536472,美国教育部长辞职,2021-01-08,44204
13315,TRUE,-0.427,384695,石家庄市9地升为中风险,2021-01-08,44204
13317,TRUE,-0.467,383060,美国交通部长赵小兰辞职,2021-01-08,44204
13319,TRUE,-0.389,382841,90后不自愿加班集体被扣整月绩效,2021-01-08,44204
13321,TRUE,-0.604,328138,全棉时代回应反转广告,2021-01-08,44204
15001,TRUE,-0.653,327647,律师直播自己闯国会大厦被开除,2021-01-08,44204
15003,TRUE,-0.763,220255,广州海珠复阳个案传播风险低,2021-01-08,44204
15005,TRUE,0.465,220255,韩国法院判处日本政府赔偿慰安妇,2021-01-08,44204
15007,TRUE,-0.833,220250,琼斯绝杀,2021-01-08,44204
15009,TRUE,-0.688,219519,用抑菌霜后成大头娃娃婴儿父亲发声,2021-01-08,44204
16001,TRUE,-0.817,654067,河北疫情目前重症5人,2021-01-08,44204
16003,TRUE,-0.716,538981,河北南宫举报未核酸检测人员奖励500元,2021-01-08,44204
16005,TRUE,-0.524,357395,大连新增本土无症状1例,2021-01-08,44204
16007,TRUE,-0.89,355038,婴儿用抑菌霜后成大头娃娃,2021-01-08,44204
16009,TRUE,-0.76,354558,广东也下雪了,2021-01-08,44204
16011,TRUE,-0.776,321341,央视的收视密码,2021-01-08,44204
16013,TRUE,-0.977,284400,脆皮冻汤圆,2021-01-08,44204
16015,TRUE,-0.987,280929,保障石家庄邢台应急运输车辆顺畅通行,2021-01-08,44204
16017,TRUE,-0.762,280778,全棉时代,2021-01-08,44204
16019,TRUE,-0.496,251739,LV母公司宣布完成收购蒂凡尼,2021-01-08,44204
16021,TRUE,-0.688,1833283,微博养牛事事牛,2021-01-08,44204
16023,TRUE,-0.85,615432,河北疫情源头尚未完全查明,2021-01-08,44204
16025,TRUE,-0.999,557884,河北本轮疫情呈现3大特点,2021-01-08,44204
16027,TRUE,-0.692,335557,小伙零下16度舌头舔钢管被冻住,2021-01-08,44204
16029,TRUE,-0.711,318797,22人在寒夜共走出了70万步,2021-01-08,44204
16031,TRUE,-0.614,311001,一不小心就学会了劈叉,2021-01-08,44204
16033,TRUE,-0.996,305362,素媛案罪犯申请贫困补助,2021-01-08,44204
16035,TRUE,-0.846,287294,芋泥奶酪雪域小贝,2021-01-08,44204
16037,TRUE,-0.886,239198,单身狗生活技能,2021-01-08,44204
16039,TRUE,-0.607,238002,石家庄交警最高礼遇迎接江苏医疗队,2021-01-08,44204
16041,TRUE,-0.736,0,风雪中的城市守护人,2021-01-08,44204
16043,TRUE,-0.631,877866,护士跪下为小朋友做核酸检测拍摄者回应,2021-01-08,44204
16045,TRUE,-0.746,319687,饿了么回应外卖员送餐路上猝死,2021-01-08,44204
16047,TRUE,-0.829,271631,女神降临,2021-01-08,44204
16049,TRUE,-0.902,257937,大爷大妈都是怎么锻炼的,2021-01-08,44204
16051,TRUE,-0.786,244297,一名美国国会警察在骚乱中身亡,2021-01-08,44204
16053,TRUE,-0.644,239775,如何让爸妈同意养猫,2021-01-08,44204
16055,TRUE,-0.7,491668,徐艺洋新歌会不会再见MV,2021-01-08,44204
16057,TRUE,-0.743,482655,大连警方通报一办公楼发生故意伤害案,2021-01-08,44204
16059,TRUE,-0.54,431054,抖音平台被行政处罚,2021-01-08,44204
16061,TRUE,-0.874,349589,现实版小红花,2021-01-08,44204
16063,TRUE,-0.824,340229,广东倡议尽量在粤过年,2021-01-08,44204
16065,TRUE,-0.714,314100,马斯克称一半财富用在火星,2021-01-08,44204
16067,TRUE,-0.347,287677,河北新增33例本土确诊,2021-01-08,44204
16069,TRUE,-0.55,287577,教资面试,2021-01-08,44204
16071,TRUE,-0.863,285812,漳州调查婴儿用抑菌霜后成大头娃娃,2021-01-08,44204
16073,TRUE,-0.766,247920,今起河北通勤人员进京须持三证,2021-01-08,44204
16075,TRUE,-0.697,230969,塞斯库里新冠阳性,2021-01-08,44204
16077,TRUE,-0.718,2148350,陈伟霆喜提康师傅冰红茶,2021-01-08,44204
16079,TRUE,-0.694,680387,链家程序员删除财务数据获刑7年,2021-01-08,44204
16081,TRUE,-0.919,473310,广东学校寒假放假安排,2021-01-08,44204
16083,TRUE,-0.511,467310,变异新冠病毒将成2021年新挑战,2021-01-08,44204
16085,TRUE,-0.842,370528,火场逃生后丈夫搂住妻子连声安慰,2021-01-08,44204
16087,TRUE,-0.82,325543,揭秘中国第一家人体冷冻中心,2021-01-08,44204
17001,TRUE,-0.437,316842,白宫发言人回应国会暴力事件,2021-01-08,44204
17003,TRUE,-0.527,312913,可乐板栗咕咕鸡,2021-01-08,44204
17005,TRUE,-0.72,311326,父子殴打防疫警察案宣判,2021-01-08,44204
17007,TRUE,-0.764,306485,马刺vs湖人,2021-01-08,44204
17009,TRUE,-0.737,305791,36名奶奶组团用毛线钩比基尼,2021-01-08,44204
17011,TRUE,-0.792,303815,30岁该做到什么职位,2021-01-08,44204
17013,TRUE,-0.809,301930,孜香麻辣小土豆,2021-01-08,44204
17015,TRUE,-0.867,301841,全国有55个中风险1个高风险地区,2021-01-08,44204
17017,TRUE,-0.794,403578,英雄联盟,2021-01-08,44204
17019,TRUE,-0.879,369386,马斯克成为世界首富,2021-01-08,44204
17021,TRUE,-0.864,341093,佩洛西呼吁将特朗普立即免职,2021-01-08,44204
17023,TRUE,-0.781,314140,王者荣耀,2021-01-08,44204
17025,TRUE,-0.746,313312,内蒙古零下30度泡面被冻成干脆面,2021-01-08,44204
17027,TRUE,-0.663,292774,这就是东北的冬天,2021-01-08,44204
17029,TRUE,-0.672,288521,国漫顶峰时期的手稿,2021-01-08,44204
17031,TRUE,-0.91,285099,小朋友的战斗力有多强,2021-01-08,44204
17033,TRUE,-0.7,284387,仿佛在看汤姆和杰瑞长大,2021-01-08,44204
17035,TRUE,-0.64,266003,河北新增39例本土无症状,2021-01-08,44204
17037,TRUE,-0.786,265715,秦岭拍到金钱豹四口全家福,2021-01-08,44204
17039,TRUE,-0.91,406723,江苏新冠疫苗累计接种12.9万剂次,2021-01-08,44204
17041,TRUE,-0.917,378459,15名支援石家庄医护再写请战书,2021-01-08,44204
17043,TRUE,-0.987,358410,法考,2021-01-08,44204
17045,TRUE,-0.804,354181,四川省考成绩,2021-01-08,44204
17047,TRUE,-0.524,324825,特朗普推特账号恢复后首次发推,2021-01-08,44204
17049,TRUE,-0.467,291141,彭斯办公室主任被特朗普禁止进入白宫,2021-01-08,44204
17051,TRUE,-0.713,289380,七英俊,2021-01-08,44204
17053,TRUE,-0.907,286667,浙江新增境外输入无症状5例,2021-01-08,44204
17055,TRUE,-0.658,244871,赘婿,2021-01-08,44204
17057,TRUE,-0.838,242457,天谕,2021-01-08,44204
17059,TRUE,-0.585,237659,北京新增1例本土确诊,2021-01-08,44204
17061,TRUE,-0.605,0,驻美使馆提醒中国公民注意安全,2021-01-08,44204
17063,TRUE,-0.874,625824,核酸检测护士含泪送别去世母亲,2021-01-08,44204
17065,TRUE,-0.678,533961,林书豪签约勇士发展联盟,2021-01-08,44204
17067,TRUE,-0.774,533253,唐山200名医护紧急驰援石家庄,2021-01-08,44204
17069,TRUE,-0.744,461632,不能在北方说找块豆腐撞死,2021-01-08,44204
17071,TRUE,-0.44,425853,竟以这种方式误闯高层会议,2021-01-08,44204
17073,TRUE,-0.874,328109,比特币,2021-01-08,44204
17075,TRUE,-0.785,300117,江苏浙江医疗队驰援河北,2021-01-08,44204
17077,TRUE,-0.696,296429,涪陵榨菜回应成被执行人,2021-01-08,44204
17079,TRUE,-0.733,276186,辽宁新增2例本土确诊,2021-01-08,44204
17081,TRUE,-0.562,272473,健康码的温度在哪,2021-01-08,44204
17083,TRUE,-0.837,1029927,石家庄疫情,2021-01-08,44204
17085,TRUE,-0.843,834784,浙江支援河北核酸检测医疗队出征,2021-01-08,44204
17087,TRUE,-0.609,675810,大学生打破复原魔方吉尼斯世界纪录,2021-01-08,44204
17089,TRUE,-0.945,534392,大连24例感染者经4次以上核酸后呈阳性,2021-01-08,44204
17091,TRUE,-0.752,502500,黑龙江新增1例本土确诊,2021-01-08,44204
17093,TRUE,-0.94,495510,河南大学,2021-01-08,44204
17095,TRUE,-0.602,483428,上海地铁,2021-01-08,44204
17097,TRUE,-0.99,406983,新郎结完婚把新娘忘在酒店,2021-01-08,44204
17099,TRUE,-0.749,349479,美国单日新增新冠确诊超26万例,2021-01-08,44204
17101,TRUE,-0.696,344229,航拍今晚的石家庄站,2021-01-08,44204
17103,TRUE,-0.776,335535,美国国会确认拜登胜选,2021-01-08,44204
17105,TRUE,-0.906,333665,青年教师的996,2021-01-08,44204
17107,TRUE,-0.793,227887,西单大悦城全部餐饮商户闭店整改,2021-01-08,44204
17109,TRUE,-0.811,224535,发型对颜值的重要性,2021-01-08,44204
17111,TRUE,-0.956,209600,2020年西双版纳缴毒1.5吨,2021-01-08,44204
17113,TRUE,-0.881,205279,爱你的人才会帮你做的事,2021-01-08,44204
17115,TRUE,-0.615,203170,美抗议者搬走众议院议长讲台,2021-01-08,44204
17117,TRUE,-0.844,186049,美国国会骚乱中枪身亡女子系退伍女兵,2021-01-08,44204
17119,TRUE,-0.779,180168,涪陵榨菜被列为被执行人,2021-01-08,44204
17121,TRUE,-0.668,380977,河北疫情现状如何,2021-01-08,44204
17123,TRUE,-0.874,136404,多家银行着手清理个人睡眠账户,2021-01-08,44204
17125,TRUE,-0.904,132878,华信信托董事长用锤子打伤总经理,2021-01-08,44204
17127,TRUE,-0.487,122020,特朗普承诺有序进行政权交接,2021-01-08,44204
17129,TRUE,-0.939,116164,女子零下17度吹泡泡变水晶球,2021-01-08,44204
17131,TRUE,-0.873,109391,江苏省级医疗队驰援河北,2021-01-08,44204
17133,TRUE,-0.838,106636,河北南宫新增2例阳性,2021-01-08,44204
17135,TRUE,-0.854,76644,假如你可以养一头牛,2021-01-08,44204
17137,TRUE,-0.65,0,2020的20个温暖瞬间,2021-01-08,44204
17139,TRUE,-0.653,37378,基金,2021-01-08,44204
17141,TRUE,-0.835,21647,暴乱后美国国会内部,2021-01-08,44204
17143,TRUE,-0.769,106351,百度被判赔偿优酷百万余元,2021-01-08,44204
17145,TRUE,-0.854,126340,男女生对待颜值的区别,2021-01-08,44204
17147,TRUE,-0.928,87749,首都国际机场燕郊线暂停运营,2021-01-08,44204
17149,TRUE,-0.8,216186,瞎嗑cp时的真实想法,2021-01-08,44204
17151,TRUE,-0.672,214273,喜欢的人给我写的信,2021-01-08,44204
17153,TRUE,-0.691,212796,如何不让猫侵占你的电脑,2021-01-08,44204
17155,TRUE,-0.647,210768,30问了解新冠疫苗接种要点,2021-01-08,44204
17157,TRUE,-0.74,207485,土味舞蹈有多上头,2021-01-08,44204
17159,TRUE,-0.644,0,新冠疫苗接种费用由医保基金和财政承担,2021-01-09,44205
17161,TRUE,-0.634,4224456,健康码出自一名杭州民警,2021-01-09,44205
17163,TRUE,-0.744,1401834,流金岁月,2021-01-09,44205
17165,TRUE,-0.57,1128298,拼多多通报员工自杀,2021-01-09,44205
17167,TRUE,-0.777,1126152,河北疫情病毒通过机场输入可能性很大,2021-01-09,44205
17169,TRUE,-0.567,1125502,天津新增3例境外输入无症状,2021-01-09,44205
17171,TRUE,-0.604,1121016,特鲁多公开指责特朗普,2021-01-09,44205
17173,TRUE,-0.783,1117410,石家庄回应网传小果庄村宗教活动,2021-01-09,44205
17175,TRUE,-0.911,1116367,大S婆婆回应被判入狱,2021-01-09,44205
17177,TRUE,-0.737,1114564,李子柒一物一生系列完结,2021-01-09,44205
17179,TRUE,-0.778,1106049,印尼一飞机失联,2021-01-09,44205
17181,TRUE,-0.653,695838,学信网崩了,2021-01-09,44205
17183,TRUE,-0.661,657054,核酸采样医护手冻成馒头,2021-01-09,44205
17185,TRUE,-0.807,607902,特斯拉中国否认推16万元新车,2021-01-09,44205
17187,TRUE,-0.881,550496,上海春考,2021-01-09,44205
17189,TRUE,-0.77,531555,美民众走上街头要求罢免特朗普,2021-01-09,44205
17191,TRUE,-0.746,521655,比特币矿机价格翻倍仍供不应求,2021-01-09,44205
17193,TRUE,-0.759,521077,豫章书院非法拘禁案发回重审,2021-01-09,44205
17195,TRUE,-0.644,361469,拜登称特朗普不来就职典礼是好事,2021-01-09,44205
17197,TRUE,-0.897,355094,狗狗害羞起来有多可爱,2021-01-09,44205
17199,TRUE,-0.588,350775,成都退伍兵做整理师月入过万,2021-01-09,44205
17201,TRUE,-0.695,349080,孕妇大出血警车救护车接力护送,2021-01-09,44205
17203,TRUE,-0.882,332737,石家庄举报哄抬物价最高奖5000元,2021-01-09,44205
18001,TRUE,-0.837,329775,袁隆平表白警察,2021-01-09,44205
18003,TRUE,-0.788,324080,石家庄商超全部暂停线下营业,2021-01-09,44205
18005,TRUE,-0.762,323153,穿衣风格和年龄无关,2021-01-09,44205
18007,TRUE,-0.96,322689,中国烟草总公司职工平均年薪18万元,2021-01-09,44205
18009,TRUE,-0.938,321257,EDG战胜OMG,2021-01-09,44205
18011,TRUE,-0.936,320686,huanfeng卡莎,2021-01-09,44205
18013,TRUE,-0.905,0,寒潮中的坚守者,2021-01-09,44205
18015,TRUE,-0.799,985848,台湾女司机被劫吼哭匪徒,2021-01-09,44205
18017,TRUE,-0.705,939807,台湾地震,2021-01-09,44205
18019,TRUE,-0.645,934821,美国大量老人彻夜排队接种疫苗,2021-01-09,44205
18021,TRUE,-0.813,811201,河北第1例确诊病例不是零号病人,2021-01-09,44205
18023,TRUE,-0.864,668282,李佳琦直播,2021-01-09,44205
18025,TRUE,-0.711,567749,石家庄累计检出阳性人员354人,2021-01-09,44205
18027,TRUE,-0.694,531545,NBA,2021-01-09,44205
18029,TRUE,-0.817,401703,考第一溺亡女生遗书,2021-01-09,44205
18031,TRUE,-0.898,390703,推特宣布永久移除特朗普账号,2021-01-09,44205
18033,TRUE,-0.798,371953,青岛海浪翻涌瞬间被冻住,2021-01-09,44205
18035,TRUE,-0.87,290510,印度10名婴儿在医院火灾中丧生,2021-01-09,44205
18037,TRUE,-0.663,281213,本专业的人才懂的段子,2021-01-09,44205
18039,TRUE,-0.734,251199,家庭版热辣牛肉粉丝汤,2021-01-09,44205
18041,TRUE,-0.757,240592,原来皮卡丘也分公母,2021-01-09,44205
18043,TRUE,-0.727,228209,丽江倒查密接者信息遭泄露,2021-01-09,44205
18045,TRUE,-0.905,210722,茄汁金针菇肥牛,2021-01-09,44205
18047,TRUE,-0.924,206944,石家庄已集中隔离1万多人,2021-01-09,44205
18049,TRUE,-0.738,205992,字母哥压哨三分,2021-01-09,44205
18051,TRUE,-0.786,0,寒冬里的7个倡议,2021-01-09,44205
18053,TRUE,-0.847,3680838,你有生育自由吗,2021-01-09,44205
18055,TRUE,-0.715,407011,北京什刹海冰场正式对外营业,2021-01-09,44205
18057,TRUE,-0.996,309408,考第一溺亡女孩家属称老师未道歉,2021-01-09,44205
18059,TRUE,-0.912,307393,OMG EDG,2021-01-09,44205
18061,TRUE,-0.738,264323,地铁迷惑行为大赏,2021-01-09,44205
18063,TRUE,-0.865,2218884,石家庄疫情还没有看到明显拐点,2021-01-09,44205
18065,TRUE,-0.85,2170158,郑渊洁对不想结婚的看法,2021-01-09,44205
18067,TRUE,-0.724,449088,美国场外交易市场宣布摘牌多家中企,2021-01-09,44205
18069,TRUE,-0.814,448811,住校生每周回家的快乐,2021-01-09,44205
18071,TRUE,-0.777,379381,公孙离惊鸿舞,2021-01-09,44205
18073,TRUE,-0.899,379380,特朗普称将建立自己的平台,2021-01-09,44205
18075,TRUE,-0.875,361186,再也无法直视冰溜子了,2021-01-09,44205
18077,TRUE,-0.656,307424,抚顺回应无健康码老人遭公交拒载,2021-01-09,44205
18079,TRUE,-0.784,292492,贵州出现凝冻天气,2021-01-09,44205
18081,TRUE,-0.859,265958,一对野猪现身华科大遛弯儿,2021-01-09,44205
18083,TRUE,-0.645,260563,TES SN,2021-01-09,44205
18085,TRUE,-0.754,260387,80后爸爸为女儿做120多件手工玩具,2021-01-09,44205
18087,TRUE,-0.773,221594,考第一溺亡女孩家属将获60万补偿金,2021-01-09,44205
18089,TRUE,-0.788,218437,教师资格证面试,2021-01-09,44205
18091,TRUE,-0.689,215547,2021LPL,2021-01-09,44205
18093,TRUE,-0.697,415889,庄羽谈于正郭敬明道歉,2021-01-09,44205
18095,TRUE,-0.82,307550,河北新增2例本土确诊,2021-01-09,44205
18097,TRUE,-0.846,276373,浙江援冀医疗队已检测600管标本,2021-01-09,44205
18099,TRUE,-0.781,272241,妈妈说的话鼓舞我很久,2021-01-09,44205
18101,TRUE,-0.863,0,嫦娥四号已工作736个地球日,2021-01-09,44205
18103,TRUE,-0.787,791397,烟台机场一飞机与除冰车相撞,2021-01-09,44205
18105,TRUE,-0.946,462534,新冠疫苗定价和全民免费接种不矛盾,2021-01-09,44205
18107,TRUE,-0.774,401400,石家庄疫情,2021-01-09,44205
18109,TRUE,-0.812,326493,石家庄藁城居民讲述隔离生活,2021-01-09,44205
18111,TRUE,-0.94,200130,竹内亮回应华春莹点赞,2021-01-09,44205
18113,TRUE,-0.851,199974,蜜汁孜然烤鸡翅,2021-01-09,44205
18115,TRUE,-0.88,199816,牛肉豆腐味噌汤,2021-01-09,44205
18117,TRUE,-0.651,198971,厂家不认可大脸娃娃家属方送检结果,2021-01-09,44205
18119,TRUE,-0.774,347647,多家快递春节不停运,2021-01-09,44205
18121,TRUE,-0.787,330786,教师资格证面试高中语文,2021-01-09,44205
18123,TRUE,-0.67,330609,降价后冠脉支架已在23省市区落地,2021-01-09,44205
18125,TRUE,-0.598,328519,原来我们都曾被人想过,2021-01-09,44205
18127,TRUE,-0.847,309707,蔡文静版红黑,2021-01-09,44205
18129,TRUE,-0.799,298256,今年可以冷到什么程度,2021-01-09,44205
18131,TRUE,-0.664,256691,南方没有暖气有多难,2021-01-09,44205
18133,TRUE,-0.847,173123,詹姆斯制胜上篮,2021-01-09,44205
18135,TRUE,-0.895,169020,1分钟漫画看人民警察警服变迁史,2021-01-09,44205
18137,TRUE,-0.826,165859,寻6日K7537次列车2密接者同乘人,2021-01-09,44205
18139,TRUE,-0.877,165502,王一博数字单曲销售总额破亿,2021-01-09,44205
18141,TRUE,-0.726,549429,变异毒株不影响我国新冠疫苗保护力,2021-01-09,44205
18143,TRUE,-0.689,307615,石家庄快递公司收派件业务逐步恢复正常,2021-01-09,44205
18145,TRUE,-0.799,230652,成都市民街头卖雪,2021-01-09,44205
18147,TRUE,-0.657,224001,广州恒大更名广州足球,2021-01-09,44205
18149,TRUE,-0.616,215830,陕西扎幼儿女教师获刑8个月,2021-01-09,44205
18151,TRUE,-0.852,194755,鸭群出门遛弯秒冻回屋,2021-01-09,44205
18153,TRUE,-0.608,181351,急寻7日沈阳至日照G52760航班乘客,2021-01-09,44205
18155,TRUE,-0.746,180537,今年你还会回家过年吗,2021-01-09,44205
18157,TRUE,-0.92,439379,我国已累计新冠疫苗接种900多万剂次,2021-01-09,44205
18159,TRUE,-0.867,284432,江苏公布908家新冠病毒疫苗接种单位,2021-01-09,44205
18161,TRUE,-0.97,264474,快船如何防守库里,2021-01-09,44205
18163,TRUE,-0.619,259801,推特股价盘后大跌,2021-01-09,44205
18165,TRUE,-0.799,257854,2021LPL宣传片,2021-01-09,44205
18167,TRUE,-0.598,253171,火箭42分大胜魔术,2021-01-09,44205
18169,TRUE,-0.844,252814,苹果谷歌下架美社交平台Parler,2021-01-09,44205
18171,TRUE,-0.806,453093,哈士奇的基因总能增加一些邪性,2021-01-09,44205
18173,TRUE,-0.696,277572,教师资格证面试初中英语,2021-01-09,44205
18175,TRUE,-0.693,243735,国家卫健委倡导在工作地过年,2021-01-09,44205
18177,TRUE,-0.702,240542,特朗普不会参加拜登就职典礼,2021-01-09,44205
18179,TRUE,-0.832,227881,在佩洛西办公室摆拍男子被捕,2021-01-09,44205
18181,TRUE,-0.876,226497,抚州疑似阳性样本复核为阴性,2021-01-09,44205
18183,TRUE,-0.859,222519,河北新增14例本土确诊,2021-01-09,44205
19001,TRUE,-0.767,213097,教资面试真题,2021-01-09,44205
19003,TRUE,-0.941,212419,不要挑战任何一块冰,2021-01-09,44205
19005,TRUE,-0.876,208688,挑战全网最美泼水成冰,2021-01-09,44205
19007,TRUE,-0.752,192085,生猪价格大幅反弹,2021-01-09,44205
19009,TRUE,-0.683,181511,街头外卖员谈每天被扣3元服务费,2021-01-09,44205
19011,TRUE,-0.715,169069,沈阳市新增两地为中风险,2021-01-09,44205
19013,TRUE,-0.574,168787,教师资格证面试小学数学,2021-01-09,44205
19015,TRUE,-0.821,352456,西湖结冰是衡量冷不冷的标准,2021-01-09,44205
19017,TRUE,-0.82,244923,石家庄全市群众居家7天,2021-01-09,44205
19019,TRUE,-0.802,230802,新冠疫苗接种个人不负担费用,2021-01-09,44205
19021,TRUE,-0.751,218031,江苏成为全国冬季用电负荷最高省份,2021-01-09,44205
19023,TRUE,-0.749,210389,官方通报老师把6岁女童打住院,2021-01-09,44205
19025,TRUE,-0.807,183980,石家庄火眼实验室已建成,2021-01-09,44205
19027,TRUE,-0.777,124936,邢台全市居民继续居家7天,2021-01-09,44205
19029,TRUE,-0.81,106461,石家庄机场塔台超暖心对话,2021-01-09,44205
19031,TRUE,-0.615,640883,江西抚州发现1例新冠疑似阳性病例,2021-01-09,44205
19033,TRUE,-0.556,369044,哈尔滨特警极寒天气冬训,2021-01-09,44205
19035,TRUE,-0.76,205313,独行侠球员感染新冠,2021-01-09,44205
19037,TRUE,-0.836,0,重点人群接种新冠疫苗的22个问题,2021-01-09,44205
19039,TRUE,-0.807,726969,女孩子发自拍时该怎么夸,2021-01-09,44205
19041,TRUE,-0.612,295564,中高风险区域地市名称行程卡不再标红,2021-01-09,44205
19043,TRUE,-0.57,260510,伦敦宣布进入重大事故状态,2021-01-09,44205
19045,TRUE,-0.598,237512,31省区市新增33例确诊,2021-01-09,44205
19047,TRUE,-0.757,235352,长沙师生即日起不得出境出省,2021-01-09,44205
19049,TRUE,-0.853,220469,原来医生的处方不是瞎写的,2021-01-09,44205
19051,TRUE,-0.606,213080,拖延症的深层原因,2021-01-09,44205
19053,TRUE,-0.753,198194,湄公河扫毒现场视频首次曝光,2021-01-09,44205
19055,TRUE,-0.67,189579,S11决赛落地深圳,2021-01-09,44205
19057,TRUE,-0.442,188496,石家庄藁城区检出阳性259例,2021-01-09,44205
19059,TRUE,-0.626,182609,新疆捐一万个馕200只羊支援河北,2021-01-09,44205
19061,TRUE,-0.661,175861,许嵩,2021-01-09,44205
19063,TRUE,-0.823,172469,内蒙古赤峰进入战时状态,2021-01-09,44205
19065,TRUE,-0.843,164529,身份证是如何制作出来的,2021-01-09,44205
19067,TRUE,-0.757,127101,QG输了,2021-01-09,44205
19069,TRUE,-0.852,112119,该不该加仓白酒股,2021-01-09,44205
19071,TRUE,-0.405,817740,平安18节,2021-01-09,44205
19073,TRUE,-0.799,261007,Facebook将无限期封禁特朗普账号,2021-01-09,44205
19075,TRUE,-0.684,138832,饿了么将为猝死骑手提供60万抚恤金,2021-01-09,44205
19077,TRUE,-0.741,119014,华为中国总部落户北京丽泽SOHO,2021-01-09,44205
19079,TRUE,-0.799,118922,河北疫情,2021-01-09,44205
19081,TRUE,-0.69,110564,中方坚决反对美常驻联合国代表访台,2021-01-09,44205
19083,TRUE,-0.772,86665,河北目前阳性病例是由一起疫情串起,2021-01-09,44205
19085,TRUE,-0.726,151203,陈伟霆喜提康师傅冰红茶,2021-01-09,44205
19087,TRUE,-0.771,64360,大葱尖椒忙涨价,2021-01-09,44205
19089,TRUE,-0.882,53350,华春莹5个为什么反问对美对港双标,2021-01-09,44205
19091,TRUE,-0.853,41480,长期喝奶茶的危害有多大,2021-01-09,44205
19093,TRUE,-0.852,33187,教资面试,2021-01-09,44205
19095,TRUE,-0.706,32885,XYG战胜QG,2021-01-09,44205
19097,TRUE,-0.837,32578,当你想离职又不好意思说,2021-01-09,44205
19099,TRUE,-0.847,19879,饿了么回应外卖员送餐路上猝死,2021-01-09,44205
19101,TRUE,-0.748,34708,这才是小说标配男主长相,2021-01-09,44205
19103,TRUE,-0.751,325831,2020支付宝年账单,2021-01-09,44205
19105,TRUE,-0.876,298652,2021第一口甜,2021-01-09,44205
19107,TRUE,-0.721,966777,官宣 溜溜梅和薇娅,2021-01-09,44205
19109,TRUE,-0.748,221373,ZARA三个姊妹品牌将关闭中国线下门店,2021-01-09,44205
19111,TRUE,-0.748,202232,石家庄70家超市承诺耐储蔬菜不涨价,2021-01-09,44205
19113,TRUE,-0.696,0,献礼警察节,2021-01-10,44206
19115,TRUE,-0.668,2824261,车厘子价格腰斩,2021-01-10,44206
19117,TRUE,-0.448,1896624,石家庄7地调整为中风险,2021-01-10,44206
19119,TRUE,-0.712,1076890,急寻曾乘坐京P18E77网约车的乘客,2021-01-10,44206
19121,TRUE,-0.926,870936,美国各大软件联合封杀特朗普,2021-01-10,44206
19123,TRUE,-0.802,868388,滴滴花小猪因多名网约车司机确诊被罚,2021-01-10,44206
19125,TRUE,-0.753,594076,北京严格控制村内聚集性活动,2021-01-10,44206
19127,TRUE,-0.697,568348,冻死乌龟下锅后突然活了,2021-01-10,44206
19129,TRUE,-0.745,546945,20岁小姐姐当汽车兵驰骋川藏线,2021-01-10,44206
19131,TRUE,-0.798,511062,公交司机制止猥亵男获见义勇为奖,2021-01-10,44206
19133,TRUE,-0.66,456867,国考成绩,2021-01-10,44206
19135,TRUE,-0.886,456499,千万别用广角相机给狗拍照,2021-01-10,44206
19137,TRUE,-0.84,452866,中央政法工作会议,2021-01-10,44206
19139,TRUE,-0.592,435814,河北卡车司机车上睡觉不住宾馆,2021-01-10,44206
19141,TRUE,-0.86,394600,国家安全部推出形象宣传片,2021-01-10,44206
19143,TRUE,-0.894,384028,流金岁月,2021-01-10,44206
19145,TRUE,-0.788,370993,新闻联播,2021-01-10,44206
19147,TRUE,-0.79,359045,退休局长不戴口罩强行出门被行拘,2021-01-10,44206
19149,TRUE,-0.811,336251,北京新增本土病例确诊前曾自行服药,2021-01-10,44206
19151,TRUE,-0.644,334056,四川倡导务工人员就地过年,2021-01-10,44206
19153,TRUE,-0.747,330250,流浪汉的狗不是流浪狗,2021-01-10,44206
19155,TRUE,-0.551,329616,CBA,2021-01-10,44206
19157,TRUE,-0.831,329558,给男朋友听热恋期时的语音,2021-01-10,44206
19159,TRUE,-0.647,0,新时代的中国国际发展合作,2021-01-10,44206
19161,TRUE,-0.559,503602,石家庄计划2天做完第二轮核酸检测,2021-01-10,44206
19163,TRUE,-0.623,355057,公安部举行升警旗仪式,2021-01-10,44206
19165,TRUE,-0.88,354420,原来投影仪还能这么玩,2021-01-10,44206
19167,TRUE,-0.852,336686,河北援鄂护士再出征第一天被认出,2021-01-10,44206
19169,TRUE,-0.726,313010,石家庄疫情防控发布会,2021-01-10,44206
19171,TRUE,-0.865,307361,西贝称楚学友微博非西贝立场,2021-01-10,44206
19173,TRUE,-0.481,285097,国考申论,2021-01-10,44206
19175,TRUE,-0.642,284341,错换人生28年小伙姚策病危,2021-01-10,44206
19177,TRUE,-0.641,283684,猫为什么进不了十二生肖,2021-01-10,44206
19179,TRUE,-0.507,433462,印尼客机坠毁前画面,2021-01-10,44206
19181,TRUE,-0.81,362007,裁判不让杨鸣站起来,2021-01-10,44206
19183,TRUE,-0.861,360569,女孩将婚房打造成迪士尼博物馆,2021-01-10,44206
19185,TRUE,-0.58,357074,宁王解说,2021-01-10,44206
19187,TRUE,-0.466,321718,贵阳多个农贸市场现染色香葱,2021-01-10,44206
19189,TRUE,-0.9,310798,兔狲到底是一种什么动物,2021-01-10,44206
19191,TRUE,-0.672,257769,买家秀可以有多吓人,2021-01-10,44206
19193,TRUE,-0.543,246751,印尼失事客机2个黑匣子已找到,2021-01-10,44206
19195,TRUE,-0.715,166381,九江通报船只侧翻7人落水4人死亡,2021-01-10,44206
19197,TRUE,-0.81,165932,全球多家车企缺芯被迫减产,2021-01-10,44206
20001,TRUE,-0.611,164853,贵州市监局回应染色香葱,2021-01-10,44206
20003,TRUE,-0.836,699994,初步估计河北零号病例早于12月15日,2021-01-10,44206
20005,TRUE,-0.694,311036,密室NPC的演技有多绝,2021-01-10,44206
20007,TRUE,-0.715,267299,全国现有66个中风险1个高风险地区,2021-01-10,44206
20009,TRUE,-0.434,267257,iG JDG,2021-01-10,44206
20011,TRUE,-0.64,265200,消字号湿疹霜7批中4批含激素,2021-01-10,44206
20013,TRUE,-0.78,238643,直升机悬吊国旗警旗飞过外滩,2021-01-10,44206
20015,TRUE,-0.709,0,你好110,2021-01-10,44206
20017,TRUE,-0.842,572845,北京9日新增确诊和无症状行程轨迹,2021-01-10,44206
20019,TRUE,-0.866,331981,北京乘出租或网约车需扫健康宝,2021-01-10,44206
20021,TRUE,-0.477,220735,今年三九没有二九冷,2021-01-10,44206
20023,TRUE,-0.863,219922,迷你蘑菇牛肉汉堡,2021-01-10,44206
20025,TRUE,-0.899,218736,山寨食品一天卖出上百箱,2021-01-10,44206
20027,TRUE,-0.795,218434,感染过新冠病毒者暂不建议接种疫苗,2021-01-10,44206
20029,TRUE,-0.8,694417,约旦授权紧急使用中国国药集团新冠疫苗,2021-01-10,44206
20031,TRUE,-0.872,385543,放假回家宿舍的盆栽怎么养,2021-01-10,44206
20033,TRUE,-0.944,374705,白酒股还能涨多久,2021-01-10,44206
20035,TRUE,-0.573,340147,西班牙马德里遭遇罕见暴雪,2021-01-10,44206
20037,TRUE,-0.494,330749,不能露脸的缉毒英雄,2021-01-10,44206
20039,TRUE,-0.935,327282,众议院民主党人将推出弹劾特朗普立法条款,2021-01-10,44206
20041,TRUE,-0.886,313046,济南多名大学生疑被套路网贷,2021-01-10,44206
20043,TRUE,-0.538,283939,北京新增本土确诊和无症状为父子,2021-01-10,44206
20045,TRUE,-0.787,205910,河北疫情,2021-01-10,44206
20047,TRUE,-0.679,184114,王者荣耀破晓版本技术升级,2021-01-10,44206
20049,TRUE,-0.313,172042,东契奇三双,2021-01-10,44206
20051,TRUE,-0.294,934940,13岁猪坚强已不能自主站立,2021-01-10,44206
20053,TRUE,-0.9,839671,年轻人猝死的三大导火索,2021-01-10,44206
20055,TRUE,-0.245,739596,吃火锅烧烤必须知道的事,2021-01-10,44206
20057,TRUE,-0.326,692876,石家庄确诊公交司机曾载多人参加婚礼,2021-01-10,44206
20059,TRUE,-0.765,581724,原来反应太快也不是好事,2021-01-10,44206
20061,TRUE,-0.563,378031,三球历史最年轻三双,2021-01-10,44206
20063,TRUE,-0.866,367712,石家庄新增一例确诊为新娘,2021-01-10,44206
20065,TRUE,-0.949,320036,石家庄大爷不戴口罩强行外出,2021-01-10,44206
20067,TRUE,-0.841,313115,粉笔模考,2021-01-10,44206
20069,TRUE,-0.567,291338,一不小心就有了大长腿,2021-01-10,44206
20071,TRUE,-0.844,286510,手残的人别烤曲奇,2021-01-10,44206
20073,TRUE,-0.802,276569,出版人沈昌文去世,2021-01-10,44206
20075,TRUE,-0.649,276023,一只见过世面的兔子,2021-01-10,44206
20077,TRUE,-0.796,233597,印尼客机坠毁现场发现遇难者遗骸,2021-01-10,44206
20079,TRUE,-0.746,194604,江南百景图,2021-01-10,44206
20081,TRUE,-0.206,0,人民警察节,2021-01-10,44206
20083,TRUE,-0.974,454403,外地来返秦皇岛人员均需核酸检测,2021-01-10,44206
20085,TRUE,-0.836,383461,美民众走上街头要求罢免特朗普,2021-01-10,44206
20087,TRUE,-0.607,345516,李易峰国安形象宣传片,2021-01-10,44206
20089,TRUE,-0.559,296332,NBA女主播时尚大片,2021-01-10,44206
20091,TRUE,-0.951,295666,辣椒价格持续上涨,2021-01-10,44206
20093,TRUE,-0.883,295223,回老家别随便逗小孩,2021-01-10,44206
20095,TRUE,-0.732,294671,没有重庆出租车走不了的路,2021-01-10,44206
20097,TRUE,-0.912,0,寒冬里的7个倡议,2021-01-10,44206
20099,TRUE,-0.777,447392,河北新增46例本土确诊,2021-01-10,44206
20101,TRUE,0.315,411143,和男朋友一起下厨好幸福,2021-01-10,44206
20103,TRUE,-0.831,348288,印尼官方称坠毁客机未按既定航向飞行,2021-01-10,44206
20105,TRUE,-0.405,331923,在地上打滚的还是那批人,2021-01-10,44206
20107,TRUE,-0.655,327099,黑龙江新增2例本土无症状感染者,2021-01-10,44206
20109,TRUE,-0.552,316971,多家快递回应过年不打烊,2021-01-10,44206
20111,TRUE,-0.524,224371,石家庄多例本土确诊为一家人,2021-01-10,44206
20113,TRUE,-0.717,219814,房间着火女子机智自救,2021-01-10,44206
20115,TRUE,-0.88,958725,蓬佩奥称美将停止官方与台湾的接触限制,2021-01-10,44206
20117,TRUE,-0.654,448473,梅西梅开二度,2021-01-10,44206
20119,TRUE,-0.874,315150,谁帮我们养老,2021-01-10,44206
20121,TRUE,-0.875,294101,独家探访健康女婴变毛孩子体检医院,2021-01-10,44206
20123,TRUE,-0.819,268145,下辈子只想考虑一个问题,2021-01-10,44206
20125,TRUE,-0.47,594552,低风险地区返汉人员要持核酸阴性证明,2021-01-10,44206
20127,TRUE,-0.913,324615,来自爸妈的调侃式催婚,2021-01-10,44206
20129,TRUE,-0.512,237586,消防员零下34度灭火后鼻涕冻成冰,2021-01-10,44206
20131,TRUE,-0.746,207455,2020王者荣耀冬冠,2021-01-10,44206
20133,TRUE,-0.627,205207,EDG战胜OMG,2021-01-10,44206
20135,TRUE,-0.906,205168,辽宁新增1例本土确诊,2021-01-10,44206
20137,TRUE,-0.764,1079534,健康码出自一名杭州民警,2021-01-10,44206
20139,TRUE,-0.708,505894,特鲁多公开指责特朗普,2021-01-10,44206
20141,TRUE,-0.597,504595,石家庄一社区防疫人员不幸去世,2021-01-10,44206
20143,TRUE,-0.537,368151,全国目前1个高风险65个中风险地区,2021-01-10,44206
20145,TRUE,-0.463,360888,美国新冠肺炎超2206万例,2021-01-10,44206
20147,TRUE,-0.752,272945,学信网崩了,2021-01-10,44206
20149,TRUE,-0.52,243347,穿衣风格和年龄无关,2021-01-10,44206
20151,TRUE,-0.428,236378,拜登称特朗普不来就职典礼是好事,2021-01-10,44206
20153,TRUE,-0.811,236263,秦岚刘以豪用演技去油,2021-01-10,44206
20155,TRUE,-0.46,223794,石家庄举报哄抬物价最高奖5000元,2021-01-10,44206
20157,TRUE,-0.805,171546,兴趣爱好也可以放下,2021-01-10,44206
20159,TRUE,-0.865,152562,成都退伍兵做整理师月入过万,2021-01-10,44206
20161,TRUE,-0.498,138514,110秒动画致敬110,2021-01-10,44206
20163,TRUE,-0.927,96931,上海春考,2021-01-10,44206
20165,TRUE,-0.869,181253,河北疫情病毒通过机场输入可能性很大,2021-01-10,44206
20167,TRUE,-0.868,164397,拼多多通报员工自杀,2021-01-10,44206
20169,TRUE,-0.335,62625,比特币矿机价格翻倍仍供不应求,2021-01-10,44206
20171,TRUE,-0.615,61152,NBA,2021-01-10,44206
20173,TRUE,-0.623,38981,印尼一飞机失联,2021-01-10,44206
20175,TRUE,-0.247,0,寒潮中的坚守者,2021-01-10,44206
20177,TRUE,-0.66,20983,LPL春季赛,2021-01-10,44206
20179,TRUE,-0.895,41682,特斯拉中国否认推16万元新车,2021-01-10,44206
20181,TRUE,-0.468,134927,李子柒一物一生系列完结,2021-01-10,44206
20183,TRUE,-0.921,59972,狗狗害羞起来有多可爱,2021-01-10,44206
20185,TRUE,-0.337,704361,大S婆婆回应被判入狱,2021-01-10,44206
20187,TRUE,-0.882,306169,核酸采样医护手冻成馒头,2021-01-10,44206
20189,TRUE,-0.323,249761,天津新增3例境外输入无症状,2021-01-10,44206
20191,TRUE,-0.853,247978,石家庄回应网传小果庄村宗教活动,2021-01-10,44206
20193,TRUE,-0.231,229606,豫章书院非法拘禁案发回重审,2021-01-10,44206
20195,TRUE,-0.868,175538,中国烟草总公司职工平均年薪18万元,2021-01-10,44206
20197,TRUE,-0.69,2215338,山西晋中疫情防控发布会,2021-01-11,44207
20199,TRUE,-0.905,2210095,国服主播vs职业选手,2021-01-11,44207
20201,TRUE,-0.604,2141984,车厘子大量到货,2021-01-11,44207
20203,TRUE,-0.691,1524039,老妈得知我谈姐弟恋,2021-01-11,44207
20205,TRUE,-0.835,1151622,北京一确诊隐瞒行程拒不配合流调,2021-01-11,44207
20207,TRUE,-0.676,1122309,美国将降半旗悼念因国会骚乱丧生的警察,2021-01-11,44207
20209,TRUE,-0.687,823584,北京一家7口均感染,2021-01-11,44207
21001,TRUE,-0.46,791420,广州男子上班贴7个暖宝宝冒烟,2021-01-11,44207
21003,TRUE,-0.524,680418,肖战的福牛,2021-01-11,44207
21005,TRUE,-0.775,600668,车厘子,2021-01-11,44207
21007,TRUE,-0.679,599213,袁隆平入驻抖音本人不知情,2021-01-11,44207
21009,TRUE,-0.526,594215,最高检点名女子取快递遭诽谤案,2021-01-11,44207
21011,TRUE,-0.479,501102,Uzi解说,2021-01-11,44207
21013,TRUE,-0.592,480397,"Bell, KY",2021-01-11,44207
21015,,,,,,
21017,,,,,,
21019,,,,,,
21021,,,,,,
21023,,,,,,
21025,,,,,,
21027,,,,,,
21029,,,,,,
21031,,,,,,
21033,,,,,,
21035,,,,,,
21037,,,,,,
21039,,,,,,
21041,,,,,,
21043,,,,,,
21045,,,,,,
21047,,,,,,
21049,,,,,,
21051,,,,,,
21053,,,,,,
21055,,,,,,
21057,,,,,,
21059,,,,,,
21061,,,,,,
21063,,,,,,
21065,,,,,,
21067,,,,,,
21069,,,,,,
21071,,,,,,
21073,,,,,,
21075,,,,,,
21077,,,,,,
21079,,,,,,
21081,,,,,,
21083,,,,,,
21085,,,,,,
21087,,,,,,
21089,,,,,,
21091,,,,,,
21093,,,,,,
21095,,,,,,
21097,,,,,,
21099,,,,,,
21101,,,,,,
21103,,,,,,
21105,,,,,,
21107,,,,,,
21109,,,,,,
21111,,,,,,
21113,,,,,,
21115,,,,,,
21117,,,,,,
21119,,,,,,
21121,,,,,,
21123,,,,,,
21125,,,,,,
21127,,,,,,
21129,,,,,,
21131,,,,,,
21133,,,,,,
21135,,,,,,
21137,,,,,,
21139,,,,,,
21141,,,,,,
21143,,,,,,
21145,,,,,,
21147,,,,,,
21149,,,,,,
21151,,,,,,
21153,,,,,,
21155,,,,,,
21157,,,,,,
21159,,,,,,
21161,,,,,,
21163,,,,,,
21165,,,,,,
21167,,,,,,
21169,,,,,,
21171,,,,,,
21173,,,,,,
21175,,,,,,
21177,,,,,,
21179,,,,,,
21181,,,,,,
21183,,,,,,
21185,,,,,,
21187,,,,,,
21189,,,,,,
21191,,,,,,
21193,,,,,,
21195,,,,,,
21197,,,,,,
21199,,,,,,
21201,,,,,,
21203,,,,,,
21205,,,,,,
21207,,,,,,
21209,,,,,,
21211,,,,,,
21213,,,,,,
21215,,,,,,
21217,,,,,,
21219,,,,,,
21221,,,,,,
21223,,,,,,
21225,,,,,,
21227,,,,,,
21229,,,,,,
21231,,,,,,
21233,,,,,,
21235,,,,,,
21237,,,,,,
21239,,,,,,
22001,,,,,,
22003,,,,,,
22005,,,,,,
22007,,,,,,
22009,,,,,,
22011,,,,,,
22013,,,,,,
22015,,,,,,
22017,,,,,,
22019,,,,,,
22021,,,,,,
22023,,,,,,
22025,,,,,,
22027,,,,,,
22029,,,,,,
22031,,,,,,
22033,,,,,,
22035,,,,,,
22037,,,,,,
22039,,,,,,
22041,,,,,,
22043,,,,,,
22045,,,,,,
22047,,,,,,
22049,,,,,,
22051,,,,,,
22053,,,,,,
22055,,,,,,
22057,,,,,,
22059,,,,,,
22061,,,,,,
22063,,,,,,
22065,,,,,,
22067,,,,,,
22069,,,,,,
22071,,,,,,
22073,,,,,,
22075,,,,,,
22077,,,,,,
22079,,,,,,
22081,,,,,,
22083,,,,,,
22085,,,,,,
22087,,,,,,
22089,,,,,,
22091,,,,,,
22093,,,,,,
22095,,,,,,
22097,,,,,,
22099,,,,,,
22101,,,,,,
22103,,,,,,
22105,,,,,,
22107,,,,,,
22109,,,,,,
22111,,,,,,
22113,,,,,,
22115,,,,,,
22117,,,,,,
22119,,,,,,
22121,,,,,,
22123,,,,,,
22125,,,,,,
22127,,,,,,
23001,,,,,,
23003,,,,,,
23005,,,,,,
23007,,,,,,
23009,,,,,,
23011,,,,,,
23013,,,,,,
23015,,,,,,
23017,,,,,,
23019,,,,,,
23021,,,,,,
23023,,,,,,
23025,,,,,,
23027,,,,,,
23029,,,,,,
23031,,,,,,
24001,,,,,,
24003,,,,,,
24005,,,,,,
24009,,,,,,
24011,,,,,,
24013,,,,,,
24015,,,,,,
24017,,,,,,
24019,,,,,,
24021,,,,,,
24023,,,,,,
24025,,,,,,
24027,,,,,,
24029,,,,,,
24031,,,,,,
24033,,,,,,
24035,,,,,,
24037,,,,,,
24039,,,,,,
24041,,,,,,
24043,,,,,,
24045,,,,,,
24047,,,,,,
24510,,,,,,
25001,,,,,,
25003,,,,,,
25005,,,,,,
25007,,,,,,
25009,,,,,,
25011,,,,,,
25013,,,,,,
25015,,,,,,
25017,,,,,,
25019,,,,,,
25021,,,,,,
25023,,,,,,
25025,,,,,,
25027,,,,,,
26001,,,,,,
26003,,,,,,
26005,,,,,,
26007,,,,,,
26009,,,,,,
26011,,,,,,
26013,,,,,,
26015,,,,,,
26017,,,,,,
26019,,,,,,
26021,,,,,,
26023,,,,,,
26025,,,,,,
26027,,,,,,
26029,,,,,,
26031,,,,,,
26033,,,,,,
26035,,,,,,
26037,,,,,,
26039,,,,,,
26041,,,,,,
26043,,,,,,
26045,,,,,,
26047,,,,,,
26049,,,,,,
26051,,,,,,
26053,,,,,,
26055,,,,,,
26057,,,,,,
26059,,,,,,
26061,,,,,,
26063,,,,,,
26065,,,,,,
26067,,,,,,
26069,,,,,,
26071,,,,,,
26073,,,,,,
26075,,,,,,
26077,,,,,,
26079,,,,,,
26081,,,,,,
26083,,,,,,
26085,,,,,,
26087,,,,,,
26089,,,,,,
26091,,,,,,
26093,,,,,,
26095,,,,,,
26097,,,,,,
26099,,,,,,
26101,,,,,,
26103,,,,,,
26105,,,,,,
26107,,,,,,
26109,,,,,,
26111,,,,,,
26113,,,,,,
26115,,,,,,
26117,,,,,,
26119,,,,,,
26121,,,,,,
26123,,,,,,
26125,,,,,,
26127,,,,,,
26129,,,,,,
26131,,,,,,
26133,,,,,,
26135,,,,,,
26137,,,,,,
26139,,,,,,
26141,,,,,,
26143,,,,,,
26145,,,,,,
26147,,,,,,
26149,,,,,,
26151,,,,,,
26153,,,,,,
26155,,,,,,
26157,,,,,,
26159,,,,,,
26161,,,,,,
26163,,,,,,
26165,,,,,,
27001,,,,,,
27003,,,,,,
27005,,,,,,
27007,,,,,,
27009,,,,,,
27011,,,,,,
27013,,,,,,
27015,,,,,,
27017,,,,,,
27019,,,,,,
27021,,,,,,
27023,,,,,,
27025,,,,,,
27027,,,,,,
27029,,,,,,
27031,,,,,,
27033,,,,,,
27035,,,,,,
27037,,,,,,
27039,,,,,,
27041,,,,,,
27043,,,,,,
27045,,,,,,
27047,,,,,,
27049,,,,,,
27051,,,,,,
27053,,,,,,
27055,,,,,,
27057,,,,,,
27059,,,,,,
27061,,,,,,
27063,,,,,,
27065,,,,,,
27067,,,,,,
27069,,,,,,
27071,,,,,,
27073,,,,,,
27075,,,,,,
27077,,,,,,
27079,,,,,,
27081,,,,,,
27083,,,,,,
27085,,,,,,
27087,,,,,,
27089,,,,,,
27091,,,,,,
27093,,,,,,
27095,,,,,,
27097,,,,,,
27099,,,,,,
27101,,,,,,
27103,,,,,,
27105,,,,,,
27107,,,,,,
27109,,,,,,
27111,,,,,,
27113,,,,,,
27115,,,,,,
27117,,,,,,
27119,,,,,,
27121,,,,,,
27123,,,,,,
27125,,,,,,
27127,,,,,,
27129,,,,,,
27131,,,,,,
27133,,,,,,
27135,,,,,,
27137,,,,,,
27139,,,,,,
27141,,,,,,
27143,,,,,,
27145,,,,,,
27147,,,,,,
27149,,,,,,
27151,,,,,,
27153,,,,,,
27155,,,,,,
27157,,,,,,
27159,,,,,,
27161,,,,,,
27163,,,,,,
27165,,,,,,
27167,,,,,,
27169,,,,,,
27171,,,,,,
27173,,,,,,
28001,,,,,,
28003,,,,,,
28005,,,,,,
28007,,,,,,
28009,,,,,,
28011,,,,,,
28013,,,,,,
28015,,,,,,
28017,,,,,,
28019,,,,,,
28021,,,,,,
28023,,,,,,
28025,,,,,,
28027,,,,,,
28029,,,,,,
28031,,,,,,
28033,,,,,,
28035,,,,,,
28037,,,,,,
28039,,,,,,
28041,,,,,,
28043,,,,,,
28045,,,,,,
28047,,,,,,
28049,,,,,,
28051,,,,,,
28053,,,,,,
28055,,,,,,
28057,,,,,,
28059,,,,,,
28061,,,,,,
28063,,,,,,
28065,,,,,,
28067,,,,,,
28069,,,,,,
28071,,,,,,
28073,,,,,,
28075,,,,,,
28077,,,,,,
28079,,,,,,
28081,,,,,,
28083,,,,,,
28085,,,,,,
28087,,,,,,
28089,,,,,,
28091,,,,,,
28093,,,,,,
28095,,,,,,
28097,,,,,,
28099,,,,,,
28101,,,,,,
28103,,,,,,
28105,,,,,,
28107,,,,,,
28109,,,,,,
28111,,,,,,
28113,,,,,,
28115,,,,,,
28117,,,,,,
28119,,,,,,
28121,,,,,,
28123,,,,,,
28125,,,,,,
28127,,,,,,
28129,,,,,,
28131,,,,,,
28133,,,,,,
28135,,,,,,
28137,,,,,,
28139,,,,,,
28141,,,,,,
28143,,,,,,
28145,,,,,,
28147,,,,,,
28149,,,,,,
28151,,,,,,
28153,,,,,,
28155,,,,,,
28157,,,,,,
28159,,,,,,
28161,,,,,,
28163,,,,,,
29001,,,,,,
29003,,,,,,
29005,,,,,,
29007,,,,,,
29009,,,,,,
29011,,,,,,
29013,,,,,,
29015,,,,,,
29017,,,,,,
29019,,,,,,
29021,,,,,,
29023,,,,,,
29025,,,,,,
29027,,,,,,
29029,,,,,,
29031,,,,,,
29033,,,,,,
29035,,,,,,
29037,,,,,,
29039,,,,,,
29041,,,,,,
29043,,,,,,
29045,,,,,,
29047,,,,,,
29049,,,,,,
29051,,,,,,
29053,,,,,,
29055,,,,,,
29057,,,,,,
29059,,,,,,
29061,,,,,,
29063,,,,,,
29065,,,,,,
29067,,,,,,
29069,,,,,,
29071,,,,,,
29073,,,,,,
29075,,,,,,
29077,,,,,,
29079,,,,,,
29081,,,,,,
29083,,,,,,
29085,,,,,,
29087,,,,,,
29089,,,,,,
29091,,,,,,
29093,,,,,,
29095,,,,,,
29097,,,,,,
29099,,,,,,
29101,,,,,,
29103,,,,,,
29105,,,,,,
29107,,,,,,
29109,,,,,,
29111,,,,,,
29113,,,,,,
29115,,,,,,
29117,,,,,,
29119,,,,,,
29121,,,,,,
29123,,,,,,
29125,,,,,,
29127,,,,,,
29129,,,,,,
29131,,,,,,
29133,,,,,,
29135,,,,,,
29137,,,,,,
29139,,,,,,
29141,,,,,,
29143,,,,,,
29145,,,,,,
29147,,,,,,
29149,,,,,,
29151,,,,,,
29153,,,,,,
29155,,,,,,
29157,,,,,,
29159,,,,,,
29161,,,,,,
29163,,,,,,
29165,,,,,,
29167,,,,,,
29169,,,,,,
29171,,,,,,
29173,,,,,,
29175,,,,,,
29177,,,,,,
29179,,,,,,
29181,,,,,,
29183,,,,,,
29185,,,,,,
29186,,,,,,
29187,,,,,,
29189,,,,,,
29195,,,,,,
29197,,,,,,
29199,,,,,,
29201,,,,,,
29203,,,,,,
29205,,,,,,
29207,,,,,,
29209,,,,,,
29211,,,,,,
29213,,,,,,
29215,,,,,,
29217,,,,,,
29219,,,,,,
29221,,,,,,
29223,,,,,,
29225,,,,,,
29227,,,,,,
29229,,,,,,
29510,,,,,,
30001,,,,,,
30003,,,,,,
30005,,,,,,
30007,,,,,,
30009,,,,,,
30011,,,,,,
30013,,,,,,
30015,,,,,,
30017,,,,,,
30019,,,,,,
30021,,,,,,
30023,,,,,,
30025,,,,,,
30027,,,,,,
30029,,,,,,
30031,,,,,,
30033,,,,,,
30035,,,,,,
30037,,,,,,
30039,,,,,,
30041,,,,,,
30043,,,,,,
30045,,,,,,
30047,,,,,,
30049,,,,,,
30051,,,,,,
30053,,,,,,
30055,,,,,,
30057,,,,,,
30059,,,,,,
30061,,,,,,
30063,,,,,,
30065,,,,,,
30067,,,,,,
30069,,,,,,
30071,,,,,,
30073,,,,,,
30075,,,,,,
30077,,,,,,
30079,,,,,,
30081,,,,,,
30083,,,,,,
30085,,,,,,
30087,,,,,,
30089,,,,,,
30091,,,,,,
30093,,,,,,
30095,,,,,,
30097,,,,,,
30099,,,,,,
30101,,,,,,
30103,,,,,,
30105,,,,,,
30107,,,,,,
30109,,,,,,
30111,,,,,,
31001,,,,,,
31003,,,,,,
31005,,,,,,
31007,,,,,,
31009,,,,,,
31011,,,,,,
31013,,,,,,
31015,,,,,,
31017,,,,,,
31019,,,,,,
31021,,,,,,
31023,,,,,,
31025,,,,,,
31027,,,,,,
31029,,,,,,
31031,,,,,,
31033,,,,,,
31035,,,,,,
31037,,,,,,
31039,,,,,,
31041,,,,,,
31043,,,,,,
31045,,,,,,
31047,,,,,,
31049,,,,,,
31051,,,,,,
31053,,,,,,
31055,,,,,,
31057,,,,,,
31059,,,,,,
31061,,,,,,
31063,,,,,,
31065,,,,,,
31067,,,,,,
31069,,,,,,
31071,,,,,,
31073,,,,,,
31075,,,,,,
31077,,,,,,
31079,,,,,,
31081,,,,,,
31083,,,,,,
31085,,,,,,
31087,,,,,,
31089,,,,,,
31091,,,,,,
31093,,,,,,
31095,,,,,,
31097,,,,,,
31099,,,,,,
31101,,,,,,
31103,,,,,,
31105,,,,,,
31107,,,,,,
31109,,,,,,
31111,,,,,,
31113,,,,,,
31115,,,,,,
31117,,,,,,
31119,,,,,,
31121,,,,,,
31123,,,,,,
31125,,,,,,
31127,,,,,,
31129,,,,,,
31131,,,,,,
31133,,,,,,
31135,,,,,,
31137,,,,,,
31139,,,,,,
31141,,,,,,
31143,,,,,,
31145,,,,,,
31147,,,,,,
31149,,,,,,
31151,,,,,,
31153,,,,,,
31155,,,,,,
31157,,,,,,
31159,,,,,,
31161,,,,,,
31163,,,,,,
31165,,,,,,
31167,,,,,,
31169,,,,,,
31171,,,,,,
31173,,,,,,
31175,,,,,,
31177,,,,,,
31179,,,,,,
31181,,,,,,
31183,,,,,,
31185,,,,,,
32001,,,,,,
32003,,,,,,
32005,,,,,,
32007,,,,,,
32009,,,,,,
32011,,,,,,
32013,,,,,,
32015,,,,,,
32017,,,,,,
32019,,,,,,
32021,,,,,,
32023,,,,,,
32027,,,,,,
32029,,,,,,
32031,,,,,,
32033,,,,,,
32510,,,,,,
33001,,,,,,
33003,,,,,,
33005,,,,,,
33007,,,,,,
33009,,,,,,
33011,,,,,,
33013,,,,,,
33015,,,,,,
33017,,,,,,
33019,,,,,,
34001,,,,,,
34003,,,,,,
34005,,,,,,
34007,,,,,,
34009,,,,,,
34011,,,,,,
34013,,,,,,
34015,,,,,,
34017,,,,,,
34019,,,,,,
34021,,,,,,
34023,,,,,,
34025,,,,,,
34027,,,,,,
34029,,,,,,
34031,,,,,,
34033,,,,,,
34035,,,,,,
34037,,,,,,
34039,,,,,,
34041,,,,,,
35001,,,,,,
35003,,,,,,
35005,,,,,,
35006,,,,,,
35007,,,,,,
35009,,,,,,
35011,,,,,,
35013,,,,,,
35015,,,,,,
35017,,,,,,
35019,,,,,,
35021,,,,,,
35023,,,,,,
35025,,,,,,
35027,,,,,,
35028,,,,,,
35029,,,,,,
35031,,,,,,
35033,,,,,,
35035,,,,,,
35037,,,,,,
35039,,,,,,
35041,,,,,,
35043,,,,,,
35045,,,,,,
35047,,,,,,
35049,,,,,,
35051,,,,,,
35053,,,,,,
35055,,,,,,
35057,,,,,,
35059,,,,,,
35061,,,,,,
36001,,,,,,
36003,,,,,,
36005,,,,,,
36007,,,,,,
36009,,,,,,
36011,,,,,,
36013,,,,,,
36015,,,,,,
36017,,,,,,
36019,,,,,,
36021,,,,,,
36023,,,,,,
36025,,,,,,
36027,,,,,,
36029,,,,,,
36031,,,,,,
36033,,,,,,
36035,,,,,,
36037,,,,,,
36039,,,,,,
36041,,,,,,
36043,,,,,,
36045,,,,,,
36047,,,,,,
36049,,,,,,
36051,,,,,,
36053,,,,,,
36055,,,,,,
36057,,,,,,
36059,,,,,,
36061,,,,,,
36063,,,,,,
36065,,,,,,
36067,,,,,,
36069,,,,,,
36071,,,,,,
36073,,,,,,
36075,,,,,,
36077,,,,,,
36079,,,,,,
36081,,,,,,
36083,,,,,,
36085,,,,,,
36087,,,,,,
36089,,,,,,
36091,,,,,,
36093,,,,,,
36095,,,,,,
36097,,,,,,
36099,,,,,,
36101,,,,,,
36103,,,,,,
36105,,,,,,
36107,,,,,,
36109,,,,,,
36111,,,,,,
36113,,,,,,
36115,,,,,,
36117,,,,,,
36119,,,,,,
36121,,,,,,
36123,,,,,,
37001,,,,,,
37003,,,,,,
37005,,,,,,
37007,,,,,,
37009,,,,,,
37011,,,,,,
37013,,,,,,
37015,,,,,,
37017,,,,,,
37019,,,,,,
37021,,,,,,
37023,,,,,,
37025,,,,,,
37027,,,,,,
37029,,,,,,
37031,,,,,,
37033,,,,,,
37035,,,,,,
37037,,,,,,
37039,,,,,,
37041,,,,,,
37043,,,,,,
37045,,,,,,
37047,,,,,,
37049,,,,,,
37051,,,,,,
37053,,,,,,
37055,,,,,,
37057,,,,,,
37059,,,,,,
37061,,,,,,
37063,,,,,,
37065,,,,,,
37067,,,,,,
37069,,,,,,
37071,,,,,,
37073,,,,,,
37075,,,,,,
37077,,,,,,
37079,,,,,,
37081,,,,,,
37083,,,,,,
37085,,,,,,
37087,,,,,,
37089,,,,,,
37091,,,,,,
37093,,,,,,
37095,,,,,,
37097,,,,,,
37099,,,,,,
37101,,,,,,
37103,,,,,,
37105,,,,,,
37107,,,,,,
37109,,,,,,
37111,,,,,,
37113,,,,,,
37115,,,,,,
37117,,,,,,
37119,,,,,,
37121,,,,,,
37123,,,,,,
37125,,,,,,
37127,,,,,,
37129,,,,,,
37131,,,,,,
37133,,,,,,
37135,,,,,,
37137,,,,,,
37139,,,,,,
37141,,,,,,
37143,,,,,,
37145,,,,,,
37147,,,,,,
37149,,,,,,
37151,,,,,,
37153,,,,,,
37155,,,,,,
37157,,,,,,
37159,,,,,,
37161,,,,,,
37163,,,,,,
37165,,,,,,
37167,,,,,,
37169,,,,,,
37171,,,,,,
37173,,,,,,
37175,,,,,,
37177,,,,,,
37179,,,,,,
37181,,,,,,
37183,,,,,,
37185,,,,,,
37187,,,,,,
37189,,,,,,
37191,,,,,,
37193,,,,,,
37195,,,,,,
37197,,,,,,
37199,,,,,,
38001,,,,,,
38003,,,,,,
38005,,,,,,
38007,,,,,,
38009,,,,,,
38011,,,,,,
38013,,,,,,
38015,,,,,,
38017,,,,,,
38019,,,,,,
38021,,,,,,
38023,,,,,,
38025,,,,,,
38027,,,,,,
38029,,,,,,
38031,,,,,,
38033,,,,,,
38035,,,,,,
38037,,,,,,
38039,,,,,,
38041,,,,,,
38043,,,,,,
38045,,,,,,
38047,,,,,,
38049,,,,,,
38051,,,,,,
38053,,,,,,
38055,,,,,,
38057,,,,,,
38059,,,,,,
38061,,,,,,
38063,,,,,,
38065,,,,,,
38067,,,,,,
38069,,,,,,
38071,,,,,,
38073,,,,,,
38075,,,,,,
38077,,,,,,
38079,,,,,,
38081,,,,,,
38083,,,,,,
38085,,,,,,
38087,,,,,,
38089,,,,,,
38091,,,,,,
38093,,,,,,
38095,,,,,,
38097,,,,,,
38099,,,,,,
38101,,,,,,
38103,,,,,,
38105,,,,,,
39001,,,,,,
39003,,,,,,
39005,,,,,,
39007,,,,,,
39009,,,,,,
39011,,,,,,
39013,,,,,,
39015,,,,,,
39017,,,,,,
39019,,,,,,
39021,,,,,,
39023,,,,,,
39025,,,,,,
39027,,,,,,
39029,,,,,,
39031,,,,,,
39033,,,,,,
39035,,,,,,
39037,,,,,,
39039,,,,,,
39041,,,,,,
39043,,,,,,
39045,,,,,,
39047,,,,,,
39049,,,,,,
39051,,,,,,
39053,,,,,,
39055,,,,,,
39057,,,,,,
39059,,,,,,
39061,,,,,,
39063,,,,,,
39065,,,,,,
39067,,,,,,
39069,,,,,,
39071,,,,,,
39073,,,,,,
39075,,,,,,
39077,,,,,,
39079,,,,,,
39081,,,,,,
39083,,,,,,
39085,,,,,,
39087,,,,,,
39089,,,,,,
39091,,,,,,
39093,,,,,,
39095,,,,,,
39097,,,,,,
39099,,,,,,
39101,,,,,,
39103,,,,,,
39105,,,,,,
39107,,,,,,
39109,,,,,,
39111,,,,,,
39113,,,,,,
39115,,,,,,
39117,,,,,,
39119,,,,,,
39121,,,,,,
39123,,,,,,
39125,,,,,,
39127,,,,,,
39129,,,,,,
39131,,,,,,
39133,,,,,,
39135,,,,,,
39137,,,,,,
39139,,,,,,
39141,,,,,,
39143,,,,,,
39145,,,,,,
39147,,,,,,
39149,,,,,,
39151,,,,,,
39153,,,,,,
39155,,,,,,
39157,,,,,,
39159,,,,,,
39161,,,,,,
39163,,,,,,
39165,,,,,,
39167,,,,,,
39169,,,,,,
39171,,,,,,
39173,,,,,,
39175,,,,,,
40001,,,,,,
40003,,,,,,
40005,,,,,,
40007,,,,,,
40009,,,,,,
40011,,,,,,
40013,,,,,,
40015,,,,,,
40017,,,,,,
40019,,,,,,
40021,,,,,,
40023,,,,,,
40025,,,,,,
40027,,,,,,
40029,,,,,,
40031,,,,,,
40033,,,,,,
40035,,,,,,
40037,,,,,,
40039,,,,,,
40041,,,,,,
40043,,,,,,
40045,,,,,,
40047,,,,,,
40049,,,,,,
40051,,,,,,
40053,,,,,,
40055,,,,,,
40057,,,,,,
40059,,,,,,
40061,,,,,,
40063,,,,,,
40065,,,,,,
40067,,,,,,
40069,,,,,,
40071,,,,,,
40073,,,,,,
40075,,,,,,
40077,,,,,,
40079,,,,,,
40081,,,,,,
40083,,,,,,
40085,,,,,,
40087,,,,,,
40089,,,,,,
40091,,,,,,
40093,,,,,,
40095,,,,,,
40097,,,,,,
40099,,,,,,
40101,,,,,,
40103,,,,,,
40105,,,,,,
40107,,,,,,
40109,,,,,,
40111,,,,,,
40113,,,,,,
40115,,,,,,
40117,,,,,,
40119,,,,,,
40121,,,,,,
40123,,,,,,
40125,,,,,,
40127,,,,,,
40129,,,,,,
40131,,,,,,
40133,,,,,,
40135,,,,,,
40137,,,,,,
40139,,,,,,
40141,,,,,,
40143,,,,,,
40145,,,,,,
40147,,,,,,
40149,,,,,,
40151,,,,,,
40153,,,,,,
41001,,,,,,
41003,,,,,,
41005,,,,,,
41007,,,,,,
41009,,,,,,
41011,,,,,,
41013,,,,,,
41015,,,,,,
41017,,,,,,
41019,,,,,,
41021,,,,,,
41023,,,,,,
41025,,,,,,
41027,,,,,,
41029,,,,,,
41031,,,,,,
41033,,,,,,
41035,,,,,,
41037,,,,,,
41039,,,,,,
41041,,,,,,
41043,,,,,,
41045,,,,,,
41047,,,,,,
41049,,,,,,
41051,,,,,,
41053,,,,,,
41055,,,,,,
41057,,,,,,
41059,,,,,,
41061,,,,,,
41063,,,,,,
41065,,,,,,
41067,,,,,,
41069,,,,,,
41071,,,,,,
42001,,,,,,
42003,,,,,,
42005,,,,,,
42007,,,,,,
42009,,,,,,
42011,,,,,,
42013,,,,,,
42015,,,,,,
42017,,,,,,
42019,,,,,,
42021,,,,,,
42023,,,,,,
42025,,,,,,
42027,,,,,,
42029,,,,,,
42031,,,,,,
42033,,,,,,
42035,,,,,,
42037,,,,,,
42039,,,,,,
42041,,,,,,
42043,,,,,,
42045,,,,,,
42047,,,,,,
42049,,,,,,
42051,,,,,,
42053,,,,,,
42055,,,,,,
42057,,,,,,
42059,,,,,,
42061,,,,,,
42063,,,,,,
42065,,,,,,
42067,,,,,,
42069,,,,,,
42071,,,,,,
42073,,,,,,
42075,,,,,,
42077,,,,,,
42079,,,,,,
42081,,,,,,
42083,,,,,,
42085,,,,,,
42087,,,,,,
42089,,,,,,
42091,,,,,,
42093,,,,,,
42095,,,,,,
42097,,,,,,
42099,,,,,,
42101,,,,,,
42103,,,,,,
42105,,,,,,
42107,,,,,,
42109,,,,,,
42111,,,,,,
42113,,,,,,
42115,,,,,,
42117,,,,,,
42119,,,,,,
42121,,,,,,
42123,,,,,,
42125,,,,,,
42127,,,,,,
42129,,,,,,
42131,,,,,,
42133,,,,,,
44001,,,,,,
44003,,,,,,
44005,,,,,,
44007,,,,,,
44009,,,,,,
45001,,,,,,
45003,,,,,,
45005,,,,,,
45007,,,,,,
45009,,,,,,
45011,,,,,,
45013,,,,,,
45015,,,,,,
45017,,,,,,
45019,,,,,,
45021,,,,,,
45023,,,,,,
45025,,,,,,
45027,,,,,,
45029,,,,,,
45031,,,,,,
45033,,,,,,
45035,,,,,,
45037,,,,,,
45039,,,,,,
45041,,,,,,
45043,,,,,,
45045,,,,,,
45047,,,,,,
45049,,,,,,
45051,,,,,,
45053,,,,,,
45055,,,,,,
45057,,,,,,
45059,,,,,,
45061,,,,,,
45063,,,,,,
45065,,,,,,
45067,,,,,,
45069,,,,,,
45071,,,,,,
45073,,,,,,
45075,,,,,,
45077,,,,,,
45079,,,,,,
45081,,,,,,
45083,,,,,,
45085,,,,,,
45087,,,,,,
45089,,,,,,
45091,,,,,,
46003,,,,,,
46005,,,,,,
46007,,,,,,
46009,,,,,,
46011,,,,,,
46013,,,,,,
46015,,,,,,
46017,,,,,,
46019,,,,,,
46021,,,,,,
46023,,,,,,
46025,,,,,,
46027,,,,,,
46029,,,,,,
46031,,,,,,
46033,,,,,,
46035,,,,,,
46037,,,,,,
46039,,,,,,
46041,,,,,,
46043,,,,,,
46045,,,,,,
46047,,,,,,
46049,,,,,,
46051,,,,,,
46053,,,,,,
46055,,,,,,
46057,,,,,,
46059,,,,,,
46061,,,,,,
46063,,,,,,
46065,,,,,,
46067,,,,,,
46069,,,,,,
46071,,,,,,
46073,,,,,,
46075,,,,,,
46077,,,,,,
46079,,,,,,
46081,,,,,,
46083,,,,,,
46085,,,,,,
46087,,,,,,
46089,,,,,,
46091,,,,,,
46093,,,,,,
46095,,,,,,
46097,,,,,,
46099,,,,,,
46101,,,,,,
46102,,,,,,
46103,,,,,,
46105,,,,,,
46107,,,,,,
46109,,,,,,
46111,,,,,,
46115,,,,,,
46117,,,,,,
46119,,,,,,
46121,,,,,,
46123,,,,,,
46125,,,,,,
46127,,,,,,
46129,,,,,,
46135,,,,,,
46137,,,,,,
47001,,,,,,
47003,,,,,,
47005,,,,,,
47007,,,,,,
47009,,,,,,
47011,,,,,,
47013,,,,,,
47015,,,,,,
47017,,,,,,
47019,,,,,,
47021,,,,,,
47023,,,,,,
47025,,,,,,
47027,,,,,,
47029,,,,,,
47031,,,,,,
47033,,,,,,
47035,,,,,,
47037,,,,,,
47039,,,,,,
47041,,,,,,
47043,,,,,,
47045,,,,,,
47047,,,,,,
47049,,,,,,
47051,,,,,,
47053,,,,,,
47055,,,,,,
47057,,,,,,
47059,,,,,,
47061,,,,,,
47063,,,,,,
47065,,,,,,
47067,,,,,,
47069,,,,,,
47071,,,,,,
47073,,,,,,
47075,,,,,,
47077,,,,,,
47079,,,,,,
47081,,,,,,
47083,,,,,,
47085,,,,,,
47087,,,,,,
47089,,,,,,
47091,,,,,,
47093,,,,,,
47095,,,,,,
47097,,,,,,
47099,,,,,,
47101,,,,,,
47103,,,,,,
47105,,,,,,
47107,,,,,,
47109,,,,,,
47111,,,,,,
47113,,,,,,
47115,,,,,,
47117,,,,,,
47119,,,,,,
47121,,,,,,
47123,,,,,,
47125,,,,,,
47127,,,,,,
47129,,,,,,
47131,,,,,,
47133,,,,,,
47135,,,,,,
47137,,,,,,
47139,,,,,,
47141,,,,,,
47143,,,,,,
47145,,,,,,
47147,,,,,,
47149,,,,,,
47151,,,,,,
47153,,,,,,
47155,,,,,,
47157,,,,,,
47159,,,,,,
47161,,,,,,
47163,,,,,,
47165,,,,,,
47167,,,,,,
47169,,,,,,
47171,,,,,,
47173,,,,,,
47175,,,,,,
47177,,,,,,
47179,,,,,,
47181,,,,,,
47183,,,,,,
47185,,,,,,
47187,,,,,,
47189,,,,,,
48001,,,,,,
48003,,,,,,
48005,,,,,,
48007,,,,,,
48009,,,,,,
48011,,,,,,
48013,,,,,,
48015,,,,,,
48017,,,,,,
48019,,,,,,
48021,,,,,,
48023,,,,,,
48025,,,,,,
48027,,,,,,
48029,,,,,,
48031,,,,,,
48033,,,,,,
48035,,,,,,
48037,,,,,,
48039,,,,,,
48041,,,,,,
48043,,,,,,
48045,,,,,,
48047,,,,,,
48049,,,,,,
48051,,,,,,
48053,,,,,,
48055,,,,,,
48057,,,,,,
48059,,,,,,
48061,,,,,,
48063,,,,,,
48065,,,,,,
48067,,,,,,
48069,,,,,,
48071,,,,,,
48073,,,,,,
48075,,,,,,
48077,,,,,,
48079,,,,,,
48081,,,,,,
48083,,,,,,
48085,,,,,,
48087,,,,,,
48089,,,,,,
48091,,,,,,
48093,,,,,,
48095,,,,,,
48097,,,,,,
48099,,,,,,
48101,,,,,,
48103,,,,,,
48105,,,,,,
48107,,,,,,
48109,,,,,,
48111,,,,,,
48113,,,,,,
48115,,,,,,
48117,,,,,,
48119,,,,,,
48121,,,,,,
48123,,,,,,
48125,,,,,,
48127,,,,,,
48129,,,,,,
48131,,,,,,
48133,,,,,,
48135,,,,,,
48137,,,,,,
48139,,,,,,
48141,,,,,,
48143,,,,,,
48145,,,,,,
48147,,,,,,
48149,,,,,,
48151,,,,,,
48153,,,,,,
48155,,,,,,
48157,,,,,,
48159,,,,,,
48161,,,,,,
48163,,,,,,
48165,,,,,,
48167,,,,,,
48169,,,,,,
48171,,,,,,
48173,,,,,,
48175,,,,,,
48177,,,,,,
48179,,,,,,
48181,,,,,,
48183,,,,,,
48185,,,,,,
48187,,,,,,
48189,,,,,,
48191,,,,,,
48193,,,,,,
48195,,,,,,
48197,,,,,,
48199,,,,,,
48201,,,,,,
48203,,,,,,
48205,,,,,,
48207,,,,,,
48209,,,,,,
48211,,,,,,
48213,,,,,,
48215,,,,,,
48217,,,,,,
48219,,,,,,
48221,,,,,,
48223,,,,,,
48225,,,,,,
48227,,,,,,
48229,,,,,,
48231,,,,,,
48233,,,,,,
48235,,,,,,
48237,,,,,,
48239,,,,,,
48241,,,,,,
48243,,,,,,
48245,,,,,,
48247,,,,,,
48249,,,,,,
48251,,,,,,
48253,,,,,,
48255,,,,,,
48257,,,,,,
48259,,,,,,
48261,,,,,,
48263,,,,,,
48265,,,,,,
48267,,,,,,
48269,,,,,,
48271,,,,,,
48273,,,,,,
48275,,,,,,
48277,,,,,,
48279,,,,,,
48281,,,,,,
48283,,,,,,
48285,,,,,,
48287,,,,,,
48289,,,,,,
48291,,,,,,
48293,,,,,,
48295,,,,,,
48297,,,,,,
48299,,,,,,
48301,,,,,,
48303,,,,,,
48305,,,,,,
48307,,,,,,
48309,,,,,,
48311,,,,,,
48313,,,,,,
48315,,,,,,
48317,,,,,,
48319,,,,,,
48321,,,,,,
48323,,,,,,
48325,,,,,,
48327,,,,,,
48329,,,,,,
48331,,,,,,
48333,,,,,,
48335,,,,,,
48337,,,,,,
48339,,,,,,
48341,,,,,,
48343,,,,,,
48345,,,,,,
48347,,,,,,
48349,,,,,,
48351,,,,,,
48353,,,,,,
48355,,,,,,
48357,,,,,,
48359,,,,,,
48361,,,,,,
48363,,,,,,
48365,,,,,,
48367,,,,,,
48369,,,,,,
48371,,,,,,
48373,,,,,,
48375,,,,,,
48377,,,,,,
48379,,,,,,
48381,,,,,,
48383,,,,,,
48385,,,,,,
48387,,,,,,
48389,,,,,,
48391,,,,,,
48393,,,,,,
48395,,,,,,
48397,,,,,,
48399,,,,,,
48401,,,,,,
48403,,,,,,
48405,,,,,,
48407,,,,,,
48409,,,,,,
48411,,,,,,
48413,,,,,,
48415,,,,,,
48417,,,,,,
48419,,,,,,
48421,,,,,,
48423,,,,,,
48425,,,,,,
48427,,,,,,
48429,,,,,,
48431,,,,,,
48433,,,,,,
48435,,,,,,
48437,,,,,,
48439,,,,,,
48441,,,,,,
48443,,,,,,
48445,,,,,,
48447,,,,,,
48449,,,,,,
48451,,,,,,
48453,,,,,,
48455,,,,,,
48457,,,,,,
48459,,,,,,
48461,,,,,,
48463,,,,,,
48465,,,,,,
48467,,,,,,
48469,,,,,,
48471,,,,,,
48473,,,,,,
48475,,,,,,
48477,,,,,,
48479,,,,,,
48481,,,,,,
48483,,,,,,
48485,,,,,,
48487,,,,,,
48489,,,,,,
48491,,,,,,
48493,,,,,,
48495,,,,,,
48497,,,,,,
48499,,,,,,
48501,,,,,,
48503,,,,,,
48505,,,,,,
48507,,,,,,
49001,,,,,,
49003,,,,,,
49005,,,,,,
49007,,,,,,
49009,,,,,,
49011,,,,,,
49013,,,,,,
49015,,,,,,
49017,,,,,,
49019,,,,,,
49021,,,,,,
49023,,,,,,
49025,,,,,,
49027,,,,,,
49029,,,,,,
49031,,,,,,
49033,,,,,,
49035,,,,,,
49037,,,,,,
49039,,,,,,
49041,,,,,,
49043,,,,,,
49045,,,,,,
49047,,,,,,
49049,,,,,,
49051,,,,,,
49053,,,,,,
49055,,,,,,
49057,,,,,,
50001,,,,,,
50003,,,,,,
50005,,,,,,
50007,,,,,,
50009,,,,,,
50011,,,,,,
50013,,,,,,
50015,,,,,,
50017,,,,,,
50019,,,,,,
50021,,,,,,
50023,,,,,,
50025,,,,,,
50027,,,,,,
51001,,,,,,
51003,,,,,,
51005,,,,,,
51007,,,,,,
51009,,,,,,
51011,,,,,,
51013,,,,,,
51015,,,,,,
51017,,,,,,
51019,,,,,,
51021,,,,,,
51023,,,,,,
51025,,,,,,
51027,,,,,,
51029,,,,,,
51031,,,,,,
51033,,,,,,
51035,,,,,,
51036,,,,,,
51037,,,,,,
51041,,,,,,
51043,,,,,,
51045,,,,,,
51047,,,,,,
51049,,,,,,
51051,,,,,,
51053,,,,,,
51057,,,,,,
51059,,,,,,
51061,,,,,,
51063,,,,,,
51065,,,,,,
51067,,,,,,
51069,,,,,,
51071,,,,,,
51073,,,,,,
51075,,,,,,
51077,,,,,,
51079,,,,,,
51081,,,,,,
51083,,,,,,
51085,,,,,,
51087,,,,,,
51089,,,,,,
51091,,,,,,
51093,,,,,,
51095,,,,,,
51097,,,,,,
51099,,,,,,
51101,,,,,,
51103,,,,,,
51105,,,,,,
51107,,,,,,
51109,,,,,,
51111,,,,,,
51113,,,,,,
51115,,,,,,
51117,,,,,,
51119,,,,,,
51121,,,,,,
51125,,,,,,
51127,,,,,,
51131,,,,,,
51133,,,,,,
51135,,,,,,
51137,,,,,,
51139,,,,,,
51141,,,,,,
51143,,,,,,
51145,,,,,,
51147,,,,,,
51149,,,,,,
51153,,,,,,
51155,,,,,,
51157,,,,,,
51159,,,,,,
51161,,,,,,
51163,,,,,,
51165,,,,,,
51167,,,,,,
51169,,,,,,
51171,,,,,,
51173,,,,,,
51175,,,,,,
51177,,,,,,
51179,,,,,,
51181,,,,,,
51183,,,,,,
51185,,,,,,
51187,,,,,,
51191,,,,,,
51193,,,,,,
51195,,,,,,
51197,,,,,,
51199,,,,,,
51510,,,,,,
51520,,,,,,
51530,,,,,,
51540,,,,,,
51550,,,,,,
51570,,,,,,
51580,,,,,,
51590,,,,,,
51595,,,,,,
51600,,,,,,
51610,,,,,,
51620,,,,,,
51630,,,,,,
51640,,,,,,
51650,,,,,,
51660,,,,,,
51670,,,,,,
51678,,,,,,
51680,,,,,,
51683,,,,,,
51685,,,,,,
51690,,,,,,
51700,,,,,,
51710,,,,,,
51720,,,,,,
51730,,,,,,
51735,,,,,,
51740,,,,,,
51750,,,,,,
51760,,,,,,
51770,,,,,,
51775,,,,,,
51790,,,,,,
51800,,,,,,
51810,,,,,,
51820,,,,,,
51830,,,,,,
51840,,,,,,
53001,,,,,,
53003,,,,,,
53005,,,,,,
53007,,,,,,
53009,,,,,,
53011,,,,,,
53013,,,,,,
53015,,,,,,
53017,,,,,,
53019,,,,,,
53021,,,,,,
53023,,,,,,
53025,,,,,,
53027,,,,,,
53029,,,,,,
53031,,,,,,
53033,,,,,,
53035,,,,,,
53037,,,,,,
53039,,,,,,
53041,,,,,,
53043,,,,,,
53045,,,,,,
53047,,,,,,
53049,,,,,,
53051,,,,,,
53053,,,,,,
53055,,,,,,
53057,,,,,,
53059,,,,,,
53061,,,,,,
53063,,,,,,
53065,,,,,,
53067,,,,,,
53069,,,,,,
53071,,,,,,
53073,,,,,,
53075,,,,,,
53077,,,,,,
54001,,,,,,
54003,,,,,,
54005,,,,,,
54007,,,,,,
54009,,,,,,
54011,,,,,,
54013,,,,,,
54015,,,,,,
54017,,,,,,
54019,,,,,,
54021,,,,,,
54023,,,,,,
54025,,,,,,
54027,,,,,,
54029,,,,,,
54031,,,,,,
54033,,,,,,
54035,,,,,,
54037,,,,,,
54039,,,,,,
54041,,,,,,
54043,,,,,,
54045,,,,,,
54047,,,,,,
54049,,,,,,
54051,,,,,,
54053,,,,,,
54055,,,,,,
54057,,,,,,
54059,,,,,,
54061,,,,,,
54063,,,,,,
54065,,,,,,
54067,,,,,,
54069,,,,,,
54071,,,,,,
54073,,,,,,
54075,,,,,,
54077,,,,,,
54079,,,,,,
54081,,,,,,
54083,,,,,,
54085,,,,,,
54087,,,,,,
54089,,,,,,
54091,,,,,,
54093,,,,,,
54095,,,,,,
54097,,,,,,
54099,,,,,,
54101,,,,,,
54103,,,,,,
54105,,,,,,
54107,,,,,,
54109,,,,,,
55001,,,,,,
55003,,,,,,
55005,,,,,,
55007,,,,,,
55009,,,,,,
55011,,,,,,
55013,,,,,,
55015,,,,,,
55017,,,,,,
55019,,,,,,
55021,,,,,,
55023,,,,,,
55025,,,,,,
55027,,,,,,
55029,,,,,,
55031,,,,,,
55033,,,,,,
55035,,,,,,
55037,,,,,,
55039,,,,,,
55041,,,,,,
55043,,,,,,
55045,,,,,,
55047,,,,,,
55049,,,,,,
55051,,,,,,
55053,,,,,,
55055,,,,,,
55057,,,,,,
55059,,,,,,
55061,,,,,,
55063,,,,,,
55065,,,,,,
55067,,,,,,
55069,,,,,,
55071,,,,,,
55073,,,,,,
55075,,,,,,
55077,,,,,,
55078,,,,,,
55079,,,,,,
55081,,,,,,
55083,,,,,,
55085,,,,,,
55087,,,,,,
55089,,,,,,
55091,,,,,,
55093,,,,,,
55095,,,,,,
55097,,,,,,
55099,,,,,,
55101,,,,,,
55103,,,,,,
55105,,,,,,
55107,,,,,,
55109,,,,,,
55111,,,,,,
55113,,,,,,
55115,,,,,,
55117,,,,,,
55119,,,,,,
55121,,,,,,
55123,,,,,,
55125,,,,,,
55127,,,,,,
55129,,,,,,
55131,,,,,,
55133,,,,,,
55135,,,,,,
55137,,,,,,
55139,,,,,,
55141,,,,,,
56001,,,,,,
56003,,,,,,
56005,,,,,,
56007,,,,,,
56009,,,,,,
56011,,,,,,
56013,,,,,,
56015,,,,,,
56017,,,,,,
56019,,,,,,
56021,,,,,,
56023,,,,,,
56025,,,,,,
56027,,,,,,
56029,,,,,,
56031,,,,,,
56033,,,,,,
56035,,,,,,
56037,,,,,,
56039,,,,,,
56041,,,,,,
56043,,,,,,
56045,,,,,,